FaceAmount,PremiumMode,PremiumJump,RiskClass,IssueAge,LapseN,ExposureN
100-250K,monthly,1,NS,25-29,3,25
100-250K,monthly,1,NS,30-34,7,32
100-250K,monthly,1,NS,35-39,3,14
100-250K,monthly,1,NS,40-44,5,9
100-250K,monthly,1,NS,45-49,1,6
100-250K,monthly,1,NS,50-54,0,4
100-250K,monthly,1,NS,55-59,0,1
100-250K,monthly,1,SM,25-29,1,3
100-250K,monthly,1,SM,30-34,0,3
100-250K,monthly,1,SM,45-49,0,2
100-250K,monthly,1,SM,50-54,1,1
100-250K,monthly,1.5,NS,25-29,207,1162
100-250K,monthly,1.5,NS,30-34,95,747
100-250K,monthly,1.5,NS,35-39,76,509
100-250K,monthly,1.5,NS,40-44,60,278
100-250K,monthly,1.5,NS,45-49,81,233
100-250K,monthly,1.5,NS,50-54,15,36
100-250K,monthly,1.5,SM,25-29,46,301
100-250K,monthly,1.5,SM,30-34,22,174
100-250K,monthly,1.5,SM,35-39,15,86
100-250K,monthly,1.5,SM,40-44,13,76
100-250K,monthly,1.5,SM,45-49,31,55
100-250K,monthly,1.5,SM,50-54,7,16
100-250K,monthly,2.5,NS,25-29,299,1154
100-250K,monthly,2.5,NS,30-34,405,1604
100-250K,monthly,2.5,NS,35-39,560,1685
100-250K,monthly,2.5,NS,40-44,568,1637
100-250K,monthly,2.5,NS,45-49,335,851
100-250K,monthly,2.5,NS,50-54,353,735
100-250K,monthly,2.5,NS,55-59,259,458
100-250K,monthly,2.5,SM,25-29,98,388
100-250K,monthly,2.5,SM,30-34,249,749
100-250K,monthly,2.5,SM,35-39,329,908
100-250K,monthly,2.5,SM,40-44,315,707
100-250K,monthly,2.5,SM,45-49,201,384
100-250K,monthly,2.5,SM,50-54,86,150
100-250K,monthly,2.5,SM,55-59,49,75
100-250K,monthly,3.5,NS,25-29,433,1538
100-250K,monthly,3.5,NS,30-34,596,2220
100-250K,monthly,3.5,NS,35-39,608,1802
100-250K,monthly,3.5,NS,40-44,710,1706
100-250K,monthly,3.5,NS,45-49,665,1316
100-250K,monthly,3.5,NS,50-54,306,563
100-250K,monthly,3.5,NS,55-59,91,147
100-250K,monthly,3.5,SM,25-29,83,259
100-250K,monthly,3.5,SM,30-34,138,383
100-250K,monthly,3.5,SM,35-39,217,456
100-250K,monthly,3.5,SM,40-44,222,386
100-250K,monthly,3.5,SM,45-49,156,236
100-250K,monthly,3.5,SM,50-54,92,153
100-250K,monthly,3.5,SM,55-59,42,61
100-250K,monthly,4.5,NS,25-29,68,190
100-250K,monthly,4.5,NS,30-34,442,1150
100-250K,monthly,4.5,NS,35-39,612,1646
100-250K,monthly,4.5,NS,40-44,666,1339
100-250K,monthly,4.5,NS,45-49,576,1100
100-250K,monthly,4.5,NS,50-54,504,817
100-250K,monthly,4.5,NS,55-59,342,497
100-250K,monthly,4.5,SM,25-29,35,80
100-250K,monthly,4.5,SM,30-34,86,211
100-250K,monthly,4.5,SM,35-39,80,170
100-250K,monthly,4.5,SM,40-44,90,131
100-250K,monthly,4.5,SM,45-49,99,134
100-250K,monthly,4.5,SM,50-54,97,118
100-250K,monthly,4.5,SM,55-59,59,79
100-250K,monthly,5.5,NS,25-29,73,156
100-250K,monthly,5.5,NS,30-34,101,246
100-250K,monthly,5.5,NS,35-39,294,580
100-250K,monthly,5.5,NS,40-44,515,871
100-250K,monthly,5.5,NS,45-49,666,930
100-250K,monthly,5.5,NS,50-54,603,866
100-250K,monthly,5.5,NS,55-59,433,589
100-250K,monthly,5.5,SM,25-29,16,24
100-250K,monthly,5.5,SM,30-34,75,130
100-250K,monthly,5.5,SM,35-39,131,267
100-250K,monthly,5.5,SM,40-44,185,295
100-250K,monthly,5.5,SM,45-49,190,259
100-250K,monthly,5.5,SM,50-54,105,129
100-250K,monthly,5.5,SM,55-59,64,73
100-250K,monthly,6.5,NS,25-29,62,114
100-250K,monthly,6.5,NS,30-34,73,146
100-250K,monthly,6.5,NS,35-39,156,301
100-250K,monthly,6.5,NS,40-44,217,360
100-250K,monthly,6.5,NS,45-49,272,394
100-250K,monthly,6.5,NS,50-54,423,572
100-250K,monthly,6.5,NS,55-59,627,777
100-250K,monthly,6.5,SM,25-29,5,6
100-250K,monthly,6.5,SM,30-34,50,76
100-250K,monthly,6.5,SM,35-39,58,86
100-250K,monthly,6.5,SM,40-44,140,195
100-250K,monthly,6.5,SM,45-49,210,268
100-250K,monthly,6.5,SM,50-54,223,271
100-250K,monthly,6.5,SM,55-59,106,120
100-250K,monthly,7.5,NS,25-29,21,64
100-250K,monthly,7.5,NS,30-34,65,133
100-250K,monthly,7.5,NS,35-39,89,149
100-250K,monthly,7.5,NS,40-44,148,242
100-250K,monthly,7.5,NS,45-49,245,358
100-250K,monthly,7.5,NS,50-54,365,451
100-250K,monthly,7.5,NS,55-59,215,263
100-250K,monthly,7.5,SM,25-29,1,3
100-250K,monthly,7.5,SM,30-34,35,48
100-250K,monthly,7.5,SM,35-39,95,126
100-250K,monthly,7.5,SM,40-44,126,171
100-250K,monthly,7.5,SM,45-49,106,128
100-250K,monthly,7.5,SM,50-54,110,125
100-250K,monthly,7.5,SM,55-59,95,107
100-250K,monthly,8.5,NS,25-29,25,56
100-250K,monthly,8.5,NS,30-34,43,73
100-250K,monthly,8.5,NS,35-39,84,141
100-250K,monthly,8.5,NS,40-44,104,160
100-250K,monthly,8.5,NS,45-49,168,233
100-250K,monthly,8.5,NS,50-54,262,322
100-250K,monthly,8.5,NS,55-59,414,480
100-250K,monthly,8.5,SM,25-29,0,1
100-250K,monthly,8.5,SM,30-34,11,14
100-250K,monthly,8.5,SM,35-39,45,61
100-250K,monthly,8.5,SM,40-44,67,80
100-250K,monthly,8.5,SM,45-49,46,59
100-250K,monthly,8.5,SM,50-54,54,61
100-250K,monthly,8.5,SM,55-59,64,68
100-250K,monthly,9.5,NS,25-29,13,20
100-250K,monthly,9.5,NS,30-34,66,115
100-250K,monthly,9.5,NS,35-39,92,137
100-250K,monthly,9.5,NS,40-44,178,274
100-250K,monthly,9.5,NS,45-49,246,326
100-250K,monthly,9.5,NS,50-54,171,200
100-250K,monthly,9.5,NS,55-59,115,125
100-250K,monthly,9.5,SM,30-34,5,7
100-250K,monthly,9.5,SM,35-39,39,47
100-250K,monthly,9.5,SM,40-44,40,45
100-250K,monthly,9.5,SM,45-49,12,12
100-250K,monthly,9.5,SM,50-54,14,15
100-250K,monthly,9.5,SM,55-59,69,73
100-250K,monthly,10.5,NS,25-29,6,12
100-250K,monthly,10.5,NS,30-34,50,80
100-250K,monthly,10.5,NS,35-39,50,90
100-250K,monthly,10.5,NS,40-44,108,130
100-250K,monthly,10.5,NS,45-49,198,239
100-250K,monthly,10.5,NS,50-54,302,353
100-250K,monthly,10.5,NS,55-59,164,181
100-250K,monthly,10.5,SM,30-34,5,6
100-250K,monthly,10.5,SM,35-39,17,22
100-250K,monthly,10.5,SM,40-44,11,11
100-250K,monthly,10.5,SM,45-49,11,13
100-250K,monthly,10.5,SM,50-54,9,9
100-250K,monthly,10.5,SM,55-59,28,30
100-250K,monthly,11.5,NS,25-29,3,9
100-250K,monthly,11.5,NS,30-34,29,43
100-250K,monthly,11.5,NS,35-39,75,114
100-250K,monthly,11.5,NS,40-44,135,183
100-250K,monthly,11.5,NS,45-49,269,310
100-250K,monthly,11.5,NS,50-54,255,282
100-250K,monthly,11.5,NS,55-59,165,180
100-250K,monthly,11.5,SM,35-39,8,10
100-250K,monthly,11.5,SM,40-44,4,7
100-250K,monthly,11.5,SM,45-49,2,4
100-250K,monthly,11.5,SM,50-54,14,15
100-250K,monthly,11.5,SM,55-59,34,35
100-250K,monthly,12.5,NS,25-29,5,5
100-250K,monthly,12.5,NS,30-34,12,19
100-250K,monthly,12.5,NS,35-39,54,79
100-250K,monthly,12.5,NS,40-44,79,122
100-250K,monthly,12.5,NS,45-49,68,87
100-250K,monthly,12.5,NS,50-54,209,246
100-250K,monthly,12.5,NS,55-59,109,126
100-250K,monthly,12.5,SM,35-39,3,3
100-250K,monthly,12.5,SM,40-44,5,6
100-250K,monthly,12.5,SM,50-54,2,2
100-250K,monthly,12.5,SM,55-59,16,18
100-250K,monthly,13.5,NS,25-29,1,1
100-250K,monthly,13.5,NS,30-34,18,31
100-250K,monthly,13.5,NS,35-39,31,57
100-250K,monthly,13.5,NS,40-44,81,99
100-250K,monthly,13.5,NS,45-49,118,142
100-250K,monthly,13.5,NS,50-54,160,177
100-250K,monthly,13.5,NS,55-59,177,199
100-250K,monthly,13.5,SM,35-39,5,5
100-250K,monthly,13.5,SM,40-44,1,2
100-250K,monthly,13.5,SM,55-59,2,2
100-250K,monthly,14.5,NS,25-29,1,2
100-250K,monthly,14.5,NS,30-34,9,16
100-250K,monthly,14.5,NS,35-39,85,113
100-250K,monthly,14.5,NS,40-44,54,68
100-250K,monthly,14.5,NS,45-49,53,59
100-250K,monthly,14.5,NS,50-54,66,78
100-250K,monthly,14.5,NS,55-59,281,289
100-250K,monthly,14.5,SM,55-59,9,9
100-250K,monthly,15.5,NS,25-29,0,1
100-250K,monthly,15.5,NS,30-34,9,15
100-250K,monthly,15.5,NS,35-39,26,45
100-250K,monthly,15.5,NS,40-44,34,43
100-250K,monthly,15.5,NS,45-49,48,59
100-250K,monthly,15.5,NS,50-54,62,72
100-250K,monthly,15.5,NS,55-59,152,166
100-250K,monthly,16.5,NS,30-34,0,1
100-250K,monthly,16.5,NS,35-39,12,15
100-250K,monthly,16.5,NS,40-44,35,38
100-250K,monthly,16.5,NS,45-49,40,52
100-250K,monthly,16.5,NS,50-54,48,53
100-250K,monthly,16.5,NS,55-59,77,81
100-250K,monthly,16.5,SM,55-59,6,6
100-250K,monthly,17.5,NS,25-29,0,1
100-250K,monthly,17.5,NS,30-34,3,7
100-250K,monthly,17.5,NS,35-39,19,21
100-250K,monthly,17.5,NS,40-44,32,35
100-250K,monthly,17.5,NS,45-49,35,41
100-250K,monthly,17.5,NS,50-54,31,34
100-250K,monthly,17.5,NS,55-59,21,21
100-250K,monthly,18.5,NS,35-39,27,36
100-250K,monthly,18.5,NS,40-44,19,22
100-250K,monthly,18.5,NS,45-49,16,17
100-250K,monthly,18.5,NS,50-54,36,37
100-250K,monthly,18.5,NS,55-59,33,34
100-250K,monthly,19.5,NS,30-34,0,1
100-250K,monthly,19.5,NS,35-39,5,6
100-250K,monthly,19.5,NS,40-44,17,21
100-250K,monthly,19.5,NS,45-49,21,22
100-250K,monthly,19.5,NS,50-54,38,40
100-250K,monthly,19.5,NS,55-59,59,60
100-250K,monthly,20.5,NS,30-34,0,1
100-250K,monthly,20.5,NS,35-39,1,1
100-250K,monthly,20.5,NS,40-44,6,8
100-250K,monthly,20.5,NS,45-49,8,9
100-250K,monthly,20.5,NS,50-54,21,22
100-250K,monthly,20.5,NS,55-59,54,55
100-250K,monthly,21.5,NS,35-39,3,5
100-250K,monthly,21.5,NS,40-44,2,3
100-250K,monthly,21.5,NS,45-49,0,1
100-250K,monthly,21.5,NS,50-54,17,19
100-250K,monthly,21.5,NS,55-59,22,23
100-250K,monthly,22.5,NS,30-34,0,1
100-250K,monthly,22.5,NS,35-39,1,4
100-250K,monthly,22.5,NS,40-44,3,3
100-250K,monthly,22.5,NS,45-49,11,11
100-250K,monthly,22.5,NS,50-54,8,8
100-250K,monthly,22.5,NS,55-59,10,11
100-250K,monthly,23.5,NS,40-44,2,2
100-250K,monthly,23.5,NS,45-49,1,1
100-250K,monthly,23.5,NS,50-54,3,3
100-250K,monthly,23.5,NS,55-59,16,16
100-250K,monthly,25,NS,35-39,0,1
100-250K,monthly,25,NS,40-44,1,1
100-250K,monthly,25,NS,45-49,2,2
100-250K,monthly,25,NS,50-54,9,9
100-250K,monthly,25,NS,55-59,42,42
100-250K,others,1,NS,25-29,4,7
100-250K,others,1,NS,30-34,16,18
100-250K,others,1,NS,35-39,10,12
100-250K,others,1,NS,40-44,12,14
100-250K,others,1,NS,45-49,12,15
100-250K,others,1,NS,50-54,9,9
100-250K,others,1,NS,55-59,15,15
100-250K,others,1,SM,25-29,2,2
100-250K,others,1,SM,30-34,2,2
100-250K,others,1,SM,40-44,2,2
100-250K,others,1,SM,45-49,1,1
100-250K,others,1,SM,50-54,1,1
100-250K,others,1,SM,55-59,1,1
100-250K,others,1.5,NS,25-29,284,817
100-250K,others,1.5,NS,30-34,157,595
100-250K,others,1.5,NS,35-39,160,572
100-250K,others,1.5,NS,40-44,100,260
100-250K,others,1.5,NS,45-49,70,132
100-250K,others,1.5,NS,50-54,19,34
100-250K,others,1.5,NS,55-59,15,15
100-250K,others,1.5,SM,25-29,49,154
100-250K,others,1.5,SM,30-34,41,121
100-250K,others,1.5,SM,35-39,19,90
100-250K,others,1.5,SM,40-44,27,67
100-250K,others,1.5,SM,45-49,10,26
100-250K,others,1.5,SM,50-54,6,15
100-250K,others,1.5,SM,55-59,2,2
100-250K,others,2.5,NS,25-29,578,1130
100-250K,others,2.5,NS,30-34,608,1288
100-250K,others,2.5,NS,35-39,752,1351
100-250K,others,2.5,NS,40-44,769,1316
100-250K,others,2.5,NS,45-49,440,737
100-250K,others,2.5,NS,50-54,326,528
100-250K,others,2.5,NS,55-59,218,300
100-250K,others,2.5,SM,25-29,223,407
100-250K,others,2.5,SM,30-34,263,443
100-250K,others,2.5,SM,35-39,315,496
100-250K,others,2.5,SM,40-44,265,396
100-250K,others,2.5,SM,45-49,160,226
100-250K,others,2.5,SM,50-54,58,82
100-250K,others,2.5,SM,55-59,28,34
100-250K,others,3.5,NS,25-29,1029,1793
100-250K,others,3.5,NS,30-34,1290,2254
100-250K,others,3.5,NS,35-39,1041,1720
100-250K,others,3.5,NS,40-44,1093,1628
100-250K,others,3.5,NS,45-49,889,1236
100-250K,others,3.5,NS,50-54,372,500
100-250K,others,3.5,NS,55-59,105,139
100-250K,others,3.5,SM,25-29,269,421
100-250K,others,3.5,SM,30-34,248,384
100-250K,others,3.5,SM,35-39,215,306
100-250K,others,3.5,SM,40-44,198,240
100-250K,others,3.5,SM,45-49,153,189
100-250K,others,3.5,SM,50-54,90,109
100-250K,others,3.5,SM,55-59,35,46
100-250K,others,4.5,NS,25-29,324,509
100-250K,others,4.5,NS,30-34,1171,1732
100-250K,others,4.5,NS,35-39,1387,2056
100-250K,others,4.5,NS,40-44,1163,1653
100-250K,others,4.5,NS,45-49,1275,1607
100-250K,others,4.5,NS,50-54,920,1131
100-250K,others,4.5,NS,55-59,446,535
100-250K,others,4.5,SM,25-29,127,178
100-250K,others,4.5,SM,30-34,318,452
100-250K,others,4.5,SM,35-39,200,267
100-250K,others,4.5,SM,40-44,163,201
100-250K,others,4.5,SM,45-49,173,208
100-250K,others,4.5,SM,50-54,103,123
100-250K,others,4.5,SM,55-59,71,83
100-250K,others,5.5,NS,25-29,519,694
100-250K,others,5.5,NS,30-34,605,829
100-250K,others,5.5,NS,35-39,914,1234
100-250K,others,5.5,NS,40-44,1610,1956
100-250K,others,5.5,NS,45-49,1638,1962
100-250K,others,5.5,NS,50-54,1205,1427
100-250K,others,5.5,NS,55-59,857,978
100-250K,others,5.5,SM,25-29,65,78
100-250K,others,5.5,SM,30-34,186,257
100-250K,others,5.5,SM,35-39,595,751
100-250K,others,5.5,SM,40-44,701,885
100-250K,others,5.5,SM,45-49,575,692
100-250K,others,5.5,SM,50-54,250,279
100-250K,others,5.5,SM,55-59,76,89
100-250K,others,6.5,NS,25-29,323,462
100-250K,others,6.5,NS,30-34,598,789
100-250K,others,6.5,NS,35-39,765,973
100-250K,others,6.5,NS,40-44,777,975
100-250K,others,6.5,NS,45-49,1002,1161
100-250K,others,6.5,NS,50-54,1609,1816
100-250K,others,6.5,NS,55-59,1467,1611
100-250K,others,6.5,SM,25-29,31,40
100-250K,others,6.5,SM,30-34,252,308
100-250K,others,6.5,SM,35-39,259,300
100-250K,others,6.5,SM,40-44,355,416
100-250K,others,6.5,SM,45-49,577,669
100-250K,others,6.5,SM,50-54,524,597
100-250K,others,6.5,SM,55-59,271,314
100-250K,others,7.5,NS,25-29,176,245
100-250K,others,7.5,NS,30-34,392,525
100-250K,others,7.5,NS,35-39,542,678
100-250K,others,7.5,NS,40-44,842,1060
100-250K,others,7.5,NS,45-49,893,1069
100-250K,others,7.5,NS,50-54,1010,1119
100-250K,others,7.5,NS,55-59,689,762
100-250K,others,7.5,SM,25-29,3,3
100-250K,others,7.5,SM,30-34,143,184
100-250K,others,7.5,SM,35-39,448,525
100-250K,others,7.5,SM,40-44,629,737
100-250K,others,7.5,SM,45-49,284,317
100-250K,others,7.5,SM,50-54,314,354
100-250K,others,7.5,SM,55-59,182,213
100-250K,others,8.5,NS,25-29,169,246
100-250K,others,8.5,NS,30-34,250,336
100-250K,others,8.5,NS,35-39,639,801
100-250K,others,8.5,NS,40-44,611,748
100-250K,others,8.5,NS,45-49,740,883
100-250K,others,8.5,NS,50-54,833,959
100-250K,others,8.5,NS,55-59,1021,1122
100-250K,others,8.5,SM,25-29,2,3
100-250K,others,8.5,SM,30-34,30,38
100-250K,others,8.5,SM,35-39,200,230
100-250K,others,8.5,SM,40-44,93,102
100-250K,others,8.5,SM,45-49,111,126
100-250K,others,8.5,SM,50-54,87,96
100-250K,others,8.5,SM,55-59,83,86
100-250K,others,9.5,NS,25-29,32,37
100-250K,others,9.5,NS,30-34,334,439
100-250K,others,9.5,NS,35-39,329,422
100-250K,others,9.5,NS,40-44,672,809
100-250K,others,9.5,NS,45-49,1047,1185
100-250K,others,9.5,NS,50-54,578,656
100-250K,others,9.5,NS,55-59,379,426
100-250K,others,9.5,SM,30-34,39,41
100-250K,others,9.5,SM,35-39,59,69
100-250K,others,9.5,SM,40-44,99,111
100-250K,others,9.5,SM,45-49,31,32
100-250K,others,9.5,SM,50-54,49,52
100-250K,others,9.5,SM,55-59,77,81
100-250K,others,10.5,NS,25-29,11,14
100-250K,others,10.5,NS,30-34,341,453
100-250K,others,10.5,NS,35-39,279,344
100-250K,others,10.5,NS,40-44,235,268
100-250K,others,10.5,NS,45-49,571,634
100-250K,others,10.5,NS,50-54,1091,1208
100-250K,others,10.5,NS,55-59,404,434
100-250K,others,10.5,SM,30-34,8,8
100-250K,others,10.5,SM,35-39,62,80
100-250K,others,10.5,SM,40-44,18,20
100-250K,others,10.5,SM,45-49,15,17
100-250K,others,10.5,SM,50-54,27,29
100-250K,others,10.5,SM,55-59,15,15
100-250K,others,11.5,NS,25-29,36,42
100-250K,others,11.5,NS,30-34,203,260
100-250K,others,11.5,NS,35-39,481,586
100-250K,others,11.5,NS,40-44,782,886
100-250K,others,11.5,NS,45-49,951,1062
100-250K,others,11.5,NS,50-54,785,852
100-250K,others,11.5,NS,55-59,745,819
100-250K,others,11.5,SM,35-39,11,13
100-250K,others,11.5,SM,40-44,14,14
100-250K,others,11.5,SM,45-49,1,1
100-250K,others,11.5,SM,50-54,19,21
100-250K,others,11.5,SM,55-59,37,40
100-250K,others,12.5,NS,25-29,4,5
100-250K,others,12.5,NS,30-34,80,97
100-250K,others,12.5,NS,35-39,275,327
100-250K,others,12.5,NS,40-44,545,623
100-250K,others,12.5,NS,45-49,250,270
100-250K,others,12.5,NS,50-54,666,715
100-250K,others,12.5,NS,55-59,383,412
100-250K,others,12.5,SM,35-39,5,5
100-250K,others,12.5,SM,40-44,2,2
100-250K,others,12.5,SM,50-54,12,12
100-250K,others,12.5,SM,55-59,28,28
100-250K,others,13.5,NS,25-29,5,5
100-250K,others,13.5,NS,30-34,157,199
100-250K,others,13.5,NS,35-39,274,330
100-250K,others,13.5,NS,40-44,155,172
100-250K,others,13.5,NS,45-49,272,297
100-250K,others,13.5,NS,50-54,303,320
100-250K,others,13.5,NS,55-59,642,696
100-250K,others,13.5,SM,40-44,1,1
100-250K,others,13.5,SM,55-59,1,1
100-250K,others,14.5,NS,25-29,5,6
100-250K,others,14.5,NS,30-34,69,88
100-250K,others,14.5,NS,35-39,380,444
100-250K,others,14.5,NS,40-44,249,280
100-250K,others,14.5,NS,45-49,313,344
100-250K,others,14.5,NS,50-54,282,294
100-250K,others,14.5,NS,55-59,468,478
100-250K,others,14.5,SM,55-59,6,6
100-250K,others,15.5,NS,25-29,2,2
100-250K,others,15.5,NS,30-34,43,50
100-250K,others,15.5,NS,35-39,170,194
100-250K,others,15.5,NS,40-44,277,322
100-250K,others,15.5,NS,45-49,217,248
100-250K,others,15.5,NS,50-54,225,244
100-250K,others,15.5,NS,55-59,377,398
100-250K,others,16.5,NS,25-29,2,2
100-250K,others,16.5,NS,30-34,11,12
100-250K,others,16.5,NS,35-39,22,27
100-250K,others,16.5,NS,40-44,182,200
100-250K,others,16.5,NS,45-49,155,180
100-250K,others,16.5,NS,50-54,168,183
100-250K,others,16.5,NS,55-59,181,186
100-250K,others,16.5,SM,55-59,15,15
100-250K,others,17.5,NS,25-29,0,1
100-250K,others,17.5,NS,30-34,29,36
100-250K,others,17.5,NS,35-39,67,81
100-250K,others,17.5,NS,40-44,58,67
100-250K,others,17.5,NS,45-49,103,117
100-250K,others,17.5,NS,50-54,111,118
100-250K,others,17.5,NS,55-59,102,110
100-250K,others,18.5,NS,35-39,113,127
100-250K,others,18.5,NS,40-44,26,28
100-250K,others,18.5,NS,45-49,68,73
100-250K,others,18.5,NS,50-54,97,100
100-250K,others,18.5,NS,55-59,79,83
100-250K,others,19.5,NS,30-34,7,9
100-250K,others,19.5,NS,35-39,19,24
100-250K,others,19.5,NS,40-44,42,49
100-250K,others,19.5,NS,45-49,39,45
100-250K,others,19.5,NS,50-54,97,103
100-250K,others,19.5,NS,55-59,78,82
100-250K,others,20.5,NS,30-34,7,8
100-250K,others,20.5,NS,35-39,11,11
100-250K,others,20.5,NS,40-44,17,19
100-250K,others,20.5,NS,45-49,27,32
100-250K,others,20.5,NS,50-54,56,58
100-250K,others,20.5,NS,55-59,134,139
100-250K,others,21.5,NS,30-34,1,1
100-250K,others,21.5,NS,35-39,2,2
100-250K,others,21.5,NS,40-44,7,9
100-250K,others,21.5,NS,45-49,10,10
100-250K,others,21.5,NS,50-54,44,45
100-250K,others,21.5,NS,55-59,79,80
100-250K,others,22.5,NS,30-34,5,7
100-250K,others,22.5,NS,35-39,15,17
100-250K,others,22.5,NS,40-44,9,10
100-250K,others,22.5,NS,45-49,21,21
100-250K,others,22.5,NS,50-54,14,14
100-250K,others,22.5,NS,55-59,44,45
100-250K,others,23.5,NS,30-34,2,2
100-250K,others,23.5,NS,35-39,3,5
100-250K,others,23.5,NS,40-44,6,7
100-250K,others,23.5,NS,45-49,6,8
100-250K,others,23.5,NS,50-54,13,13
100-250K,others,23.5,NS,55-59,36,37
100-250K,others,25,NS,30-34,3,3
100-250K,others,25,NS,35-39,11,14
100-250K,others,25,NS,40-44,15,15
100-250K,others,25,NS,45-49,2,2
100-250K,others,25,NS,50-54,36,36
100-250K,others,25,NS,55-59,81,81
250K-1M,monthly,1,NS,25-29,20,23
250K-1M,monthly,1,NS,30-34,1,4
250K-1M,monthly,1,NS,35-39,0,3
250K-1M,monthly,1,NS,50-54,1,2
250K-1M,monthly,1,NS,55-59,2,2
250K-1M,monthly,1,SM,30-34,0,2
250K-1M,monthly,1,SM,35-39,0,1
250K-1M,monthly,1.5,NS,25-29,164,1341
250K-1M,monthly,1.5,NS,30-34,299,2368
250K-1M,monthly,1.5,NS,35-39,240,1049
250K-1M,monthly,1.5,NS,40-44,193,616
250K-1M,monthly,1.5,NS,45-49,206,516
250K-1M,monthly,1.5,NS,50-54,127,231
250K-1M,monthly,1.5,NS,55-59,50,58
250K-1M,monthly,1.5,SM,25-29,26,122
250K-1M,monthly,1.5,SM,30-34,45,249
250K-1M,monthly,1.5,SM,35-39,19,93
250K-1M,monthly,1.5,SM,40-44,15,57
250K-1M,monthly,1.5,SM,45-49,19,51
250K-1M,monthly,1.5,SM,50-54,27,52
250K-1M,monthly,1.5,SM,55-59,0,1
250K-1M,monthly,2.5,NS,25-29,148,586
250K-1M,monthly,2.5,NS,30-34,244,955
250K-1M,monthly,2.5,NS,35-39,538,2790
250K-1M,monthly,2.5,NS,40-44,685,2654
250K-1M,monthly,2.5,NS,45-49,606,1782
250K-1M,monthly,2.5,NS,50-54,478,1056
250K-1M,monthly,2.5,NS,55-59,238,475
250K-1M,monthly,2.5,SM,25-29,24,81
250K-1M,monthly,2.5,SM,30-34,54,137
250K-1M,monthly,2.5,SM,35-39,127,360
250K-1M,monthly,2.5,SM,40-44,125,308
250K-1M,monthly,2.5,SM,45-49,51,109
250K-1M,monthly,2.5,SM,50-54,19,34
250K-1M,monthly,2.5,SM,55-59,20,33
250K-1M,monthly,3.5,NS,25-29,256,773
250K-1M,monthly,3.5,NS,30-34,444,1357
250K-1M,monthly,3.5,NS,35-39,307,722
250K-1M,monthly,3.5,NS,40-44,268,623
250K-1M,monthly,3.5,NS,45-49,112,241
250K-1M,monthly,3.5,NS,50-54,76,133
250K-1M,monthly,3.5,NS,55-59,57,72
250K-1M,monthly,3.5,SM,25-29,41,110
250K-1M,monthly,3.5,SM,30-34,78,155
250K-1M,monthly,3.5,SM,35-39,84,157
250K-1M,monthly,3.5,SM,40-44,63,101
250K-1M,monthly,3.5,SM,45-49,31,54
250K-1M,monthly,3.5,SM,50-54,12,24
250K-1M,monthly,3.5,SM,55-59,8,10
250K-1M,monthly,4.5,NS,25-29,196,447
250K-1M,monthly,4.5,NS,30-34,378,969
250K-1M,monthly,4.5,NS,35-39,676,1632
250K-1M,monthly,4.5,NS,40-44,603,1164
250K-1M,monthly,4.5,NS,45-49,368,584
250K-1M,monthly,4.5,NS,50-54,122,184
250K-1M,monthly,4.5,NS,55-59,64,89
250K-1M,monthly,4.5,SM,25-29,29,50
250K-1M,monthly,4.5,SM,30-34,75,136
250K-1M,monthly,4.5,SM,35-39,52,83
250K-1M,monthly,4.5,SM,40-44,33,47
250K-1M,monthly,4.5,SM,45-49,44,56
250K-1M,monthly,4.5,SM,50-54,23,25
250K-1M,monthly,4.5,SM,55-59,15,16
250K-1M,monthly,5.5,NS,25-29,104,188
250K-1M,monthly,5.5,NS,30-34,371,651
250K-1M,monthly,5.5,NS,35-39,356,575
250K-1M,monthly,5.5,NS,40-44,354,555
250K-1M,monthly,5.5,NS,45-49,416,653
250K-1M,monthly,5.5,NS,50-54,454,627
250K-1M,monthly,5.5,NS,55-59,116,153
250K-1M,monthly,5.5,SM,25-29,15,23
250K-1M,monthly,5.5,SM,30-34,66,114
250K-1M,monthly,5.5,SM,35-39,89,144
250K-1M,monthly,5.5,SM,40-44,97,130
250K-1M,monthly,5.5,SM,45-49,80,102
250K-1M,monthly,5.5,SM,50-54,41,47
250K-1M,monthly,5.5,SM,55-59,18,22
250K-1M,monthly,6.5,NS,25-29,62,107
250K-1M,monthly,6.5,NS,30-34,239,406
250K-1M,monthly,6.5,NS,35-39,239,430
250K-1M,monthly,6.5,NS,40-44,377,587
250K-1M,monthly,6.5,NS,45-49,472,627
250K-1M,monthly,6.5,NS,50-54,367,442
250K-1M,monthly,6.5,NS,55-59,290,353
250K-1M,monthly,6.5,SM,25-29,12,13
250K-1M,monthly,6.5,SM,30-34,40,64
250K-1M,monthly,6.5,SM,35-39,98,129
250K-1M,monthly,6.5,SM,40-44,95,126
250K-1M,monthly,6.5,SM,45-49,71,87
250K-1M,monthly,6.5,SM,50-54,43,52
250K-1M,monthly,6.5,SM,55-59,23,27
250K-1M,monthly,7.5,NS,25-29,67,114
250K-1M,monthly,7.5,NS,30-34,173,275
250K-1M,monthly,7.5,NS,35-39,296,495
250K-1M,monthly,7.5,NS,40-44,264,380
250K-1M,monthly,7.5,NS,45-49,220,288
250K-1M,monthly,7.5,NS,50-54,251,304
250K-1M,monthly,7.5,NS,55-59,249,284
250K-1M,monthly,7.5,SM,25-29,2,3
250K-1M,monthly,7.5,SM,30-34,37,48
250K-1M,monthly,7.5,SM,35-39,46,63
250K-1M,monthly,7.5,SM,40-44,49,59
250K-1M,monthly,7.5,SM,45-49,52,63
250K-1M,monthly,7.5,SM,50-54,43,52
250K-1M,monthly,7.5,SM,55-59,22,25
250K-1M,monthly,8.5,NS,25-29,62,105
250K-1M,monthly,8.5,NS,30-34,78,116
250K-1M,monthly,8.5,NS,35-39,178,251
250K-1M,monthly,8.5,NS,40-44,171,238
250K-1M,monthly,8.5,NS,45-49,264,332
250K-1M,monthly,8.5,NS,50-54,248,290
250K-1M,monthly,8.5,NS,55-59,114,135
250K-1M,monthly,8.5,SM,25-29,1,2
250K-1M,monthly,8.5,SM,30-34,23,30
250K-1M,monthly,8.5,SM,35-39,36,47
250K-1M,monthly,8.5,SM,40-44,47,55
250K-1M,monthly,8.5,SM,45-49,41,49
250K-1M,monthly,8.5,SM,50-54,16,16
250K-1M,monthly,8.5,SM,55-59,12,14
250K-1M,monthly,9.5,NS,25-29,42,69
250K-1M,monthly,9.5,NS,30-34,87,130
250K-1M,monthly,9.5,NS,35-39,116,184
250K-1M,monthly,9.5,NS,40-44,258,333
250K-1M,monthly,9.5,NS,45-49,262,330
250K-1M,monthly,9.5,NS,50-54,230,270
250K-1M,monthly,9.5,NS,55-59,212,235
250K-1M,monthly,9.5,SM,30-34,22,26
250K-1M,monthly,9.5,SM,35-39,57,62
250K-1M,monthly,9.5,SM,40-44,47,55
250K-1M,monthly,9.5,SM,45-49,22,27
250K-1M,monthly,9.5,SM,50-54,9,9
250K-1M,monthly,9.5,SM,55-59,16,17
250K-1M,monthly,10.5,NS,25-29,31,45
250K-1M,monthly,10.5,NS,30-34,59,100
250K-1M,monthly,10.5,NS,35-39,62,89
250K-1M,monthly,10.5,NS,40-44,97,128
250K-1M,monthly,10.5,NS,45-49,126,151
250K-1M,monthly,10.5,NS,50-54,124,142
250K-1M,monthly,10.5,NS,55-59,101,106
250K-1M,monthly,10.5,SM,30-34,5,5
250K-1M,monthly,10.5,SM,35-39,52,67
250K-1M,monthly,10.5,SM,40-44,22,25
250K-1M,monthly,10.5,SM,45-49,8,10
250K-1M,monthly,10.5,SM,50-54,9,10
250K-1M,monthly,10.5,SM,55-59,14,16
250K-1M,monthly,11.5,NS,25-29,29,34
250K-1M,monthly,11.5,NS,30-34,70,112
250K-1M,monthly,11.5,NS,35-39,144,184
250K-1M,monthly,11.5,NS,40-44,209,249
250K-1M,monthly,11.5,NS,45-49,256,301
250K-1M,monthly,11.5,NS,50-54,322,366
250K-1M,monthly,11.5,NS,55-59,118,129
250K-1M,monthly,11.5,SM,35-39,12,15
250K-1M,monthly,11.5,SM,40-44,4,4
250K-1M,monthly,11.5,SM,45-49,1,2
250K-1M,monthly,11.5,SM,50-54,2,2
250K-1M,monthly,11.5,SM,55-59,16,17
250K-1M,monthly,12.5,NS,25-29,26,36
250K-1M,monthly,12.5,NS,30-34,70,107
250K-1M,monthly,12.5,NS,35-39,73,100
250K-1M,monthly,12.5,NS,40-44,166,210
250K-1M,monthly,12.5,NS,45-49,222,265
250K-1M,monthly,12.5,NS,50-54,153,165
250K-1M,monthly,12.5,NS,55-59,111,120
250K-1M,monthly,12.5,SM,35-39,9,9
250K-1M,monthly,12.5,SM,40-44,4,5
250K-1M,monthly,12.5,SM,50-54,3,3
250K-1M,monthly,12.5,SM,55-59,14,14
250K-1M,monthly,13.5,NS,25-29,5,8
250K-1M,monthly,13.5,NS,30-34,49,70
250K-1M,monthly,13.5,NS,35-39,53,79
250K-1M,monthly,13.5,NS,40-44,99,120
250K-1M,monthly,13.5,NS,45-49,62,73
250K-1M,monthly,13.5,NS,50-54,94,102
250K-1M,monthly,13.5,NS,55-59,61,61
250K-1M,monthly,13.5,SM,35-39,2,2
250K-1M,monthly,13.5,SM,40-44,1,1
250K-1M,monthly,13.5,SM,55-59,2,2
250K-1M,monthly,14.5,NS,25-29,9,13
250K-1M,monthly,14.5,NS,30-34,54,75
250K-1M,monthly,14.5,NS,35-39,85,112
250K-1M,monthly,14.5,NS,40-44,92,116
250K-1M,monthly,14.5,NS,45-49,178,202
250K-1M,monthly,14.5,NS,50-54,117,131
250K-1M,monthly,14.5,NS,55-59,155,162
250K-1M,monthly,15.5,NS,25-29,2,2
250K-1M,monthly,15.5,NS,30-34,34,42
250K-1M,monthly,15.5,NS,35-39,109,144
250K-1M,monthly,15.5,NS,40-44,95,117
250K-1M,monthly,15.5,NS,45-49,99,122
250K-1M,monthly,15.5,NS,50-54,83,96
250K-1M,monthly,15.5,NS,55-59,96,102
250K-1M,monthly,16.5,NS,25-29,6,7
250K-1M,monthly,16.5,NS,30-34,22,29
250K-1M,monthly,16.5,NS,35-39,28,38
250K-1M,monthly,16.5,NS,40-44,115,132
250K-1M,monthly,16.5,NS,45-49,59,68
250K-1M,monthly,16.5,NS,50-54,47,50
250K-1M,monthly,16.5,NS,55-59,12,14
250K-1M,monthly,16.5,SM,55-59,3,3
250K-1M,monthly,17.5,NS,25-29,5,7
250K-1M,monthly,17.5,NS,30-34,27,35
250K-1M,monthly,17.5,NS,35-39,44,53
250K-1M,monthly,17.5,NS,40-44,44,46
250K-1M,monthly,17.5,NS,45-49,45,53
250K-1M,monthly,17.5,NS,50-54,36,38
250K-1M,monthly,17.5,NS,55-59,38,44
250K-1M,monthly,18.5,NS,30-34,10,13
250K-1M,monthly,18.5,NS,35-39,67,88
250K-1M,monthly,18.5,NS,40-44,47,56
250K-1M,monthly,18.5,NS,45-49,115,124
250K-1M,monthly,18.5,NS,50-54,95,98
250K-1M,monthly,18.5,NS,55-59,26,26
250K-1M,monthly,19.5,NS,25-29,3,3
250K-1M,monthly,19.5,NS,30-34,9,12
250K-1M,monthly,19.5,NS,35-39,33,40
250K-1M,monthly,19.5,NS,40-44,72,80
250K-1M,monthly,19.5,NS,45-49,19,19
250K-1M,monthly,19.5,NS,50-54,65,70
250K-1M,monthly,19.5,NS,55-59,57,57
250K-1M,monthly,20.5,NS,30-34,18,29
250K-1M,monthly,20.5,NS,35-39,17,21
250K-1M,monthly,20.5,NS,40-44,12,13
250K-1M,monthly,20.5,NS,45-49,14,17
250K-1M,monthly,20.5,NS,50-54,24,26
250K-1M,monthly,20.5,NS,55-59,54,57
250K-1M,monthly,21.5,NS,30-34,9,11
250K-1M,monthly,21.5,NS,35-39,13,17
250K-1M,monthly,21.5,NS,40-44,10,12
250K-1M,monthly,21.5,NS,45-49,11,17
250K-1M,monthly,21.5,NS,50-54,31,34
250K-1M,monthly,21.5,NS,55-59,12,12
250K-1M,monthly,22.5,NS,30-34,7,8
250K-1M,monthly,22.5,NS,35-39,10,11
250K-1M,monthly,22.5,NS,40-44,13,14
250K-1M,monthly,22.5,NS,45-49,30,31
250K-1M,monthly,22.5,NS,50-54,15,17
250K-1M,monthly,22.5,NS,55-59,17,18
250K-1M,monthly,23.5,NS,30-34,10,15
250K-1M,monthly,23.5,NS,35-39,1,2
250K-1M,monthly,23.5,NS,40-44,14,15
250K-1M,monthly,23.5,NS,45-49,26,27
250K-1M,monthly,23.5,NS,50-54,25,26
250K-1M,monthly,23.5,NS,55-59,15,15
250K-1M,monthly,25,NS,30-34,14,17
250K-1M,monthly,25,NS,35-39,114,136
250K-1M,monthly,25,NS,40-44,99,115
250K-1M,monthly,25,NS,45-49,68,75
250K-1M,monthly,25,NS,50-54,74,83
250K-1M,monthly,25,NS,55-59,70,74
250K-1M,others,1,NS,25-29,30,32
250K-1M,others,1,NS,30-34,80,83
250K-1M,others,1,NS,35-39,82,84
250K-1M,others,1,NS,40-44,71,72
250K-1M,others,1,NS,45-49,56,56
250K-1M,others,1,NS,50-54,44,44
250K-1M,others,1,NS,55-59,36,37
250K-1M,others,1,SM,25-29,3,4
250K-1M,others,1,SM,30-34,3,3
250K-1M,others,1,SM,35-39,3,3
250K-1M,others,1,SM,40-44,3,4
250K-1M,others,1,SM,45-49,1,1
250K-1M,others,1.5,NS,25-29,193,778
250K-1M,others,1.5,NS,30-34,565,1681
250K-1M,others,1.5,NS,35-39,378,868
250K-1M,others,1.5,NS,40-44,206,412
250K-1M,others,1.5,NS,45-49,179,298
250K-1M,others,1.5,NS,50-54,84,140
250K-1M,others,1.5,NS,55-59,21,24
250K-1M,others,1.5,SM,25-29,19,66
250K-1M,others,1.5,SM,30-34,33,99
250K-1M,others,1.5,SM,35-39,19,57
250K-1M,others,1.5,SM,40-44,10,23
250K-1M,others,1.5,SM,45-49,12,22
250K-1M,others,1.5,SM,50-54,6,12
250K-1M,others,2.5,NS,25-29,200,418
250K-1M,others,2.5,NS,30-34,334,726
250K-1M,others,2.5,NS,35-39,1079,2148
250K-1M,others,2.5,NS,40-44,1001,1965
250K-1M,others,2.5,NS,45-49,737,1303
250K-1M,others,2.5,NS,50-54,450,695
250K-1M,others,2.5,NS,55-59,252,329
250K-1M,others,2.5,SM,25-29,47,73
250K-1M,others,2.5,SM,30-34,68,103
250K-1M,others,2.5,SM,35-39,131,214
250K-1M,others,2.5,SM,40-44,97,158
250K-1M,others,2.5,SM,45-49,34,55
250K-1M,others,2.5,SM,50-54,28,35
250K-1M,others,2.5,SM,55-59,14,19
250K-1M,others,3.5,NS,25-29,640,932
250K-1M,others,3.5,NS,30-34,1006,1558
250K-1M,others,3.5,NS,35-39,591,878
250K-1M,others,3.5,NS,40-44,652,964
250K-1M,others,3.5,NS,45-49,308,450
250K-1M,others,3.5,NS,50-54,171,217
250K-1M,others,3.5,NS,55-59,59,74
250K-1M,others,3.5,SM,25-29,108,145
250K-1M,others,3.5,SM,30-34,109,155
250K-1M,others,3.5,SM,35-39,94,134
250K-1M,others,3.5,SM,40-44,60,89
250K-1M,others,3.5,SM,45-49,42,60
250K-1M,others,3.5,SM,50-54,24,33
250K-1M,others,3.5,SM,55-59,7,8
250K-1M,others,4.5,NS,25-29,517,714
250K-1M,others,4.5,NS,30-34,1183,1633
250K-1M,others,4.5,NS,35-39,1680,2402
250K-1M,others,4.5,NS,40-44,1525,2025
250K-1M,others,4.5,NS,45-49,830,1022
250K-1M,others,4.5,NS,50-54,355,434
250K-1M,others,4.5,NS,55-59,160,190
250K-1M,others,4.5,SM,25-29,134,180
250K-1M,others,4.5,SM,30-34,162,224
250K-1M,others,4.5,SM,35-39,127,162
250K-1M,others,4.5,SM,40-44,77,94
250K-1M,others,4.5,SM,45-49,63,74
250K-1M,others,4.5,SM,50-54,38,45
250K-1M,others,4.5,SM,55-59,11,13
250K-1M,others,5.5,NS,25-29,574,730
250K-1M,others,5.5,NS,30-34,1030,1303
250K-1M,others,5.5,NS,35-39,951,1184
250K-1M,others,5.5,NS,40-44,864,1101
250K-1M,others,5.5,NS,45-49,1336,1559
250K-1M,others,5.5,NS,50-54,1069,1246
250K-1M,others,5.5,NS,55-59,390,441
250K-1M,others,5.5,SM,25-29,52,62
250K-1M,others,5.5,SM,30-34,245,321
250K-1M,others,5.5,SM,35-39,144,174
250K-1M,others,5.5,SM,40-44,206,238
250K-1M,others,5.5,SM,45-49,173,200
250K-1M,others,5.5,SM,50-54,73,82
250K-1M,others,5.5,SM,55-59,21,26
250K-1M,others,6.5,NS,25-29,334,408
250K-1M,others,6.5,NS,30-34,1054,1279
250K-1M,others,6.5,NS,35-39,915,1095
250K-1M,others,6.5,NS,40-44,1396,1642
250K-1M,others,6.5,NS,45-49,1595,1830
250K-1M,others,6.5,NS,50-54,910,1004
250K-1M,others,6.5,NS,55-59,851,918
250K-1M,others,6.5,SM,25-29,36,44
250K-1M,others,6.5,SM,30-34,144,170
250K-1M,others,6.5,SM,35-39,295,368
250K-1M,others,6.5,SM,40-44,325,401
250K-1M,others,6.5,SM,45-49,299,351
250K-1M,others,6.5,SM,50-54,99,108
250K-1M,others,6.5,SM,55-59,48,50
250K-1M,others,7.5,NS,25-29,485,589
250K-1M,others,7.5,NS,30-34,946,1140
250K-1M,others,7.5,NS,35-39,1302,1540
250K-1M,others,7.5,NS,40-44,1267,1452
250K-1M,others,7.5,NS,45-49,1165,1299
250K-1M,others,7.5,NS,50-54,1178,1288
250K-1M,others,7.5,NS,55-59,757,813
250K-1M,others,7.5,SM,25-29,17,19
250K-1M,others,7.5,SM,30-34,148,170
250K-1M,others,7.5,SM,35-39,257,307
250K-1M,others,7.5,SM,40-44,160,195
250K-1M,others,7.5,SM,45-49,113,126
250K-1M,others,7.5,SM,50-54,195,225
250K-1M,others,7.5,SM,55-59,91,110
250K-1M,others,8.5,NS,25-29,478,542
250K-1M,others,8.5,NS,30-34,586,687
250K-1M,others,8.5,NS,35-39,1240,1429
250K-1M,others,8.5,NS,40-44,1090,1245
250K-1M,others,8.5,NS,45-49,1151,1277
250K-1M,others,8.5,NS,50-54,929,1024
250K-1M,others,8.5,NS,55-59,454,489
250K-1M,others,8.5,SM,25-29,11,13
250K-1M,others,8.5,SM,30-34,109,124
250K-1M,others,8.5,SM,35-39,137,149
250K-1M,others,8.5,SM,40-44,164,188
250K-1M,others,8.5,SM,45-49,156,178
250K-1M,others,8.5,SM,50-54,68,73
250K-1M,others,8.5,SM,55-59,30,30
250K-1M,others,9.5,NS,25-29,252,307
250K-1M,others,9.5,NS,30-34,631,742
250K-1M,others,9.5,NS,35-39,733,850
250K-1M,others,9.5,NS,40-44,1245,1404
250K-1M,others,9.5,NS,45-49,1420,1600
250K-1M,others,9.5,NS,50-54,921,1017
250K-1M,others,9.5,NS,55-59,656,707
250K-1M,others,9.5,SM,30-34,155,179
250K-1M,others,9.5,SM,35-39,155,174
250K-1M,others,9.5,SM,40-44,244,274
250K-1M,others,9.5,SM,45-49,58,62
250K-1M,others,9.5,SM,50-54,25,26
250K-1M,others,9.5,SM,55-59,30,33
250K-1M,others,10.5,NS,25-29,121,135
250K-1M,others,10.5,NS,30-34,554,646
250K-1M,others,10.5,NS,35-39,558,650
250K-1M,others,10.5,NS,40-44,555,605
250K-1M,others,10.5,NS,45-49,595,639
250K-1M,others,10.5,NS,50-54,665,704
250K-1M,others,10.5,NS,55-59,403,426
250K-1M,others,10.5,SM,30-34,36,40
250K-1M,others,10.5,SM,35-39,255,282
250K-1M,others,10.5,SM,40-44,44,47
250K-1M,others,10.5,SM,45-49,20,21
250K-1M,others,10.5,SM,50-54,49,52
250K-1M,others,10.5,SM,55-59,20,20
250K-1M,others,11.5,NS,25-29,181,201
250K-1M,others,11.5,NS,30-34,470,548
250K-1M,others,11.5,NS,35-39,921,1068
250K-1M,others,11.5,NS,40-44,714,814
250K-1M,others,11.5,NS,45-49,886,969
250K-1M,others,11.5,NS,50-54,981,1035
250K-1M,others,11.5,NS,55-59,418,445
250K-1M,others,11.5,SM,30-34,7,7
250K-1M,others,11.5,SM,35-39,80,88
250K-1M,others,11.5,SM,40-44,9,9
250K-1M,others,11.5,SM,45-49,5,5
250K-1M,others,11.5,SM,50-54,15,15
250K-1M,others,11.5,SM,55-59,20,21
250K-1M,others,12.5,NS,25-29,181,201
250K-1M,others,12.5,NS,30-34,479,591
250K-1M,others,12.5,NS,35-39,518,586
250K-1M,others,12.5,NS,40-44,662,739
250K-1M,others,12.5,NS,45-49,750,805
250K-1M,others,12.5,NS,50-54,547,590
250K-1M,others,12.5,NS,55-59,470,518
250K-1M,others,12.5,SM,35-39,8,9
250K-1M,others,12.5,SM,40-44,2,2
250K-1M,others,12.5,SM,45-49,5,7
250K-1M,others,12.5,SM,50-54,7,7
250K-1M,others,12.5,SM,55-59,13,13
250K-1M,others,13.5,NS,25-29,91,108
250K-1M,others,13.5,NS,30-34,405,473
250K-1M,others,13.5,NS,35-39,388,431
250K-1M,others,13.5,NS,40-44,379,422
250K-1M,others,13.5,NS,45-49,268,291
250K-1M,others,13.5,NS,50-54,383,397
250K-1M,others,13.5,NS,55-59,272,285
250K-1M,others,13.5,SM,35-39,8,8
250K-1M,others,13.5,SM,40-44,3,3
250K-1M,others,13.5,SM,45-49,2,2
250K-1M,others,13.5,SM,50-54,7,7
250K-1M,others,13.5,SM,55-59,2,2
250K-1M,others,14.5,NS,25-29,113,131
250K-1M,others,14.5,NS,30-34,464,537
250K-1M,others,14.5,NS,35-39,265,292
250K-1M,others,14.5,NS,40-44,553,604
250K-1M,others,14.5,NS,45-49,956,1063
250K-1M,others,14.5,NS,50-54,399,430
250K-1M,others,14.5,NS,55-59,449,459
250K-1M,others,14.5,SM,50-54,3,3
250K-1M,others,14.5,SM,55-59,4,4
250K-1M,others,15.5,NS,25-29,13,13
250K-1M,others,15.5,NS,30-34,274,311
250K-1M,others,15.5,NS,35-39,1007,1162
250K-1M,others,15.5,NS,40-44,666,761
250K-1M,others,15.5,NS,45-49,401,440
250K-1M,others,15.5,NS,50-54,434,478
250K-1M,others,15.5,NS,55-59,442,475
250K-1M,others,16.5,NS,25-29,7,10
250K-1M,others,16.5,NS,30-34,158,173
250K-1M,others,16.5,NS,35-39,156,180
250K-1M,others,16.5,NS,40-44,448,488
250K-1M,others,16.5,NS,45-49,169,182
250K-1M,others,16.5,NS,50-54,167,177
250K-1M,others,16.5,NS,55-59,103,109
250K-1M,others,16.5,SM,55-59,8,9
250K-1M,others,17.5,NS,25-29,51,61
250K-1M,others,17.5,NS,30-34,221,244
250K-1M,others,17.5,NS,35-39,279,317
250K-1M,others,17.5,NS,40-44,86,90
250K-1M,others,17.5,NS,45-49,247,261
250K-1M,others,17.5,NS,50-54,140,147
250K-1M,others,17.5,NS,55-59,166,176
250K-1M,others,18.5,NS,30-34,32,33
250K-1M,others,18.5,NS,35-39,520,587
250K-1M,others,18.5,NS,40-44,243,261
250K-1M,others,18.5,NS,45-49,437,471
250K-1M,others,18.5,NS,50-54,227,236
250K-1M,others,18.5,NS,55-59,220,235
250K-1M,others,19.5,NS,25-29,37,39
250K-1M,others,19.5,NS,30-34,89,92
250K-1M,others,19.5,NS,35-39,187,205
250K-1M,others,19.5,NS,40-44,285,306
250K-1M,others,19.5,NS,45-49,35,35
250K-1M,others,19.5,NS,50-54,247,265
250K-1M,others,19.5,NS,55-59,169,174
250K-1M,others,20.5,NS,30-34,161,177
250K-1M,others,20.5,NS,35-39,70,73
250K-1M,others,20.5,NS,40-44,41,46
250K-1M,others,20.5,NS,45-49,48,56
250K-1M,others,20.5,NS,50-54,58,61
250K-1M,others,20.5,NS,55-59,116,126
250K-1M,others,21.5,NS,30-34,66,78
250K-1M,others,21.5,NS,35-39,32,33
250K-1M,others,21.5,NS,40-44,27,28
250K-1M,others,21.5,NS,45-49,40,45
250K-1M,others,21.5,NS,50-54,80,90
250K-1M,others,21.5,NS,55-59,45,48
250K-1M,others,22.5,NS,30-34,44,50
250K-1M,others,22.5,NS,35-39,45,52
250K-1M,others,22.5,NS,40-44,35,37
250K-1M,others,22.5,NS,45-49,87,95
250K-1M,others,22.5,NS,50-54,34,34
250K-1M,others,22.5,NS,55-59,109,114
250K-1M,others,23.5,NS,30-34,140,157
250K-1M,others,23.5,NS,35-39,8,8
250K-1M,others,23.5,NS,40-44,44,48
250K-1M,others,23.5,NS,45-49,225,235
250K-1M,others,23.5,NS,50-54,160,162
250K-1M,others,23.5,NS,55-59,80,81
250K-1M,others,25,NS,30-34,157,173
250K-1M,others,25,NS,35-39,732,810
250K-1M,others,25,NS,40-44,657,706
250K-1M,others,25,NS,45-49,313,345
250K-1M,others,25,NS,50-54,320,339
250K-1M,others,25,NS,55-59,212,217
50-100K,monthly,1,NS,25-29,0,7
50-100K,monthly,1,NS,30-34,0,12
50-100K,monthly,1,NS,35-39,1,12
50-100K,monthly,1,NS,40-44,0,7
50-100K,monthly,1,NS,45-49,1,6
50-100K,monthly,1,NS,50-54,0,1
50-100K,monthly,1,NS,55-59,0,1
50-100K,monthly,1,SM,25-29,1,5
50-100K,monthly,1,SM,30-34,0,3
50-100K,monthly,1,SM,35-39,1,8
50-100K,monthly,1,SM,40-44,2,5
50-100K,monthly,1,SM,45-49,0,1
50-100K,monthly,1.5,NS,25-29,14,124
50-100K,monthly,1.5,NS,30-34,0,5
50-100K,monthly,1.5,NS,35-39,1,3
50-100K,monthly,1.5,NS,40-44,0,3
50-100K,monthly,1.5,NS,45-49,0,1
50-100K,monthly,1.5,NS,50-54,0,1
50-100K,monthly,1.5,SM,25-29,8,42
50-100K,monthly,2.5,NS,25-29,31,116
50-100K,monthly,2.5,NS,30-34,76,270
50-100K,monthly,2.5,NS,35-39,115,372
50-100K,monthly,2.5,NS,40-44,155,401
50-100K,monthly,2.5,NS,45-49,74,190
50-100K,monthly,2.5,NS,50-54,53,130
50-100K,monthly,2.5,NS,55-59,2,4
50-100K,monthly,2.5,SM,25-29,21,81
50-100K,monthly,2.5,SM,30-34,48,193
50-100K,monthly,2.5,SM,35-39,142,400
50-100K,monthly,2.5,SM,40-44,159,424
50-100K,monthly,2.5,SM,45-49,139,316
50-100K,monthly,2.5,SM,50-54,85,169
50-100K,monthly,2.5,SM,55-59,50,93
50-100K,monthly,3.5,NS,25-29,55,199
50-100K,monthly,3.5,NS,30-34,53,249
50-100K,monthly,3.5,NS,35-39,79,351
50-100K,monthly,3.5,NS,40-44,142,445
50-100K,monthly,3.5,NS,45-49,261,571
50-100K,monthly,3.5,NS,50-54,238,462
50-100K,monthly,3.5,NS,55-59,146,267
50-100K,monthly,3.5,SM,25-29,11,34
50-100K,monthly,3.5,SM,30-34,32,90
50-100K,monthly,3.5,SM,35-39,31,67
50-100K,monthly,3.5,SM,40-44,44,81
50-100K,monthly,3.5,SM,45-49,85,120
50-100K,monthly,3.5,SM,50-54,80,105
50-100K,monthly,3.5,SM,55-59,23,43
50-100K,monthly,4.5,NS,25-29,7,8
50-100K,monthly,4.5,NS,30-34,33,59
50-100K,monthly,4.5,NS,35-39,42,65
50-100K,monthly,4.5,NS,40-44,48,70
50-100K,monthly,4.5,NS,45-49,22,59
50-100K,monthly,4.5,NS,50-54,81,145
50-100K,monthly,4.5,NS,55-59,219,338
50-100K,monthly,4.5,SM,30-34,4,5
50-100K,monthly,4.5,SM,35-39,1,2
50-100K,monthly,4.5,SM,40-44,3,4
50-100K,monthly,4.5,SM,45-49,11,17
50-100K,monthly,4.5,SM,50-54,44,61
50-100K,monthly,4.5,SM,55-59,46,60
50-100K,monthly,5.5,NS,25-29,1,1
50-100K,monthly,5.5,NS,30-34,12,13
50-100K,monthly,5.5,NS,35-39,18,28
50-100K,monthly,5.5,NS,40-44,36,50
50-100K,monthly,5.5,NS,45-49,98,133
50-100K,monthly,5.5,NS,50-54,75,100
50-100K,monthly,5.5,NS,55-59,42,68
50-100K,monthly,5.5,SM,30-34,10,13
50-100K,monthly,5.5,SM,35-39,7,8
50-100K,monthly,5.5,SM,40-44,12,13
50-100K,monthly,5.5,SM,45-49,11,15
50-100K,monthly,5.5,SM,50-54,21,27
50-100K,monthly,5.5,SM,55-59,24,32
50-100K,monthly,6.5,NS,30-34,1,1
50-100K,monthly,6.5,NS,35-39,6,8
50-100K,monthly,6.5,NS,40-44,7,7
50-100K,monthly,6.5,NS,45-49,2,5
50-100K,monthly,6.5,NS,50-54,35,58
50-100K,monthly,6.5,NS,55-59,89,113
50-100K,monthly,6.5,SM,30-34,2,2
50-100K,monthly,6.5,SM,35-39,4,5
50-100K,monthly,6.5,SM,40-44,12,12
50-100K,monthly,6.5,SM,45-49,13,15
50-100K,monthly,6.5,SM,50-54,21,27
50-100K,monthly,6.5,SM,55-59,26,30
50-100K,monthly,7.5,NS,25-29,1,2
50-100K,monthly,7.5,NS,30-34,0,3
50-100K,monthly,7.5,NS,35-39,1,2
50-100K,monthly,7.5,NS,40-44,5,6
50-100K,monthly,7.5,NS,45-49,23,34
50-100K,monthly,7.5,NS,50-54,31,45
50-100K,monthly,7.5,NS,55-59,25,43
50-100K,monthly,7.5,SM,40-44,1,2
50-100K,monthly,7.5,SM,45-49,5,7
50-100K,monthly,7.5,SM,50-54,17,20
50-100K,monthly,7.5,SM,55-59,9,15
50-100K,monthly,8.5,NS,35-39,0,2
50-100K,monthly,8.5,NS,40-44,3,5
50-100K,monthly,8.5,NS,45-49,3,4
50-100K,monthly,8.5,NS,50-54,26,32
50-100K,monthly,8.5,NS,55-59,53,62
50-100K,monthly,8.5,SM,30-34,1,1
50-100K,monthly,8.5,SM,40-44,0,1
50-100K,monthly,8.5,SM,45-49,4,4
50-100K,monthly,8.5,SM,50-54,5,6
50-100K,monthly,8.5,SM,55-59,16,16
50-100K,monthly,9.5,NS,25-29,0,1
50-100K,monthly,9.5,NS,35-39,1,1
50-100K,monthly,9.5,NS,40-44,7,9
50-100K,monthly,9.5,NS,45-49,10,13
50-100K,monthly,9.5,NS,50-54,13,17
50-100K,monthly,9.5,NS,55-59,37,45
50-100K,monthly,9.5,SM,55-59,19,20
50-100K,monthly,10.5,NS,30-34,0,1
50-100K,monthly,10.5,NS,35-39,3,4
50-100K,monthly,10.5,NS,40-44,3,5
50-100K,monthly,10.5,NS,45-49,9,12
50-100K,monthly,10.5,NS,50-54,9,11
50-100K,monthly,10.5,NS,55-59,22,23
50-100K,monthly,10.5,SM,40-44,1,1
50-100K,monthly,10.5,SM,45-49,3,3
50-100K,monthly,10.5,SM,55-59,2,3
50-100K,monthly,11.5,NS,40-44,2,3
50-100K,monthly,11.5,NS,50-54,14,17
50-100K,monthly,11.5,NS,55-59,13,14
50-100K,monthly,11.5,SM,50-54,1,1
50-100K,monthly,11.5,SM,55-59,14,14
50-100K,monthly,12.5,NS,35-39,0,1
50-100K,monthly,12.5,NS,40-44,3,3
50-100K,monthly,12.5,NS,45-49,5,6
50-100K,monthly,12.5,NS,50-54,7,8
50-100K,monthly,12.5,NS,55-59,15,16
50-100K,monthly,12.5,SM,55-59,5,5
50-100K,monthly,13.5,NS,35-39,0,2
50-100K,monthly,13.5,NS,40-44,3,4
50-100K,monthly,13.5,NS,45-49,4,9
50-100K,monthly,13.5,NS,50-54,5,6
50-100K,monthly,13.5,NS,55-59,12,14
50-100K,monthly,14.5,NS,35-39,1,3
50-100K,monthly,14.5,NS,40-44,0,1
50-100K,monthly,14.5,NS,50-54,2,2
50-100K,monthly,14.5,NS,55-59,27,30
50-100K,monthly,14.5,SM,55-59,2,2
50-100K,monthly,15.5,NS,35-39,2,2
50-100K,monthly,15.5,NS,55-59,15,16
50-100K,monthly,16.5,NS,55-59,2,2
50-100K,monthly,16.5,SM,55-59,4,4
50-100K,others,1,NS,30-34,0,1
50-100K,others,1,NS,35-39,0,1
50-100K,others,1,NS,45-49,1,1
50-100K,others,1.5,NS,25-29,62,170
50-100K,others,1.5,NS,30-34,2,9
50-100K,others,1.5,NS,35-39,5,8
50-100K,others,1.5,NS,40-44,3,6
50-100K,others,1.5,NS,45-49,3,5
50-100K,others,1.5,NS,50-54,0,1
50-100K,others,1.5,NS,55-59,1,1
50-100K,others,1.5,SM,25-29,11,33
50-100K,others,1.5,SM,30-34,0,1
50-100K,others,1.5,SM,50-54,0,1
50-100K,others,2.5,NS,25-29,41,100
50-100K,others,2.5,NS,30-34,120,289
50-100K,others,2.5,NS,35-39,188,373
50-100K,others,2.5,NS,40-44,230,429
50-100K,others,2.5,NS,45-49,129,216
50-100K,others,2.5,NS,50-54,66,101
50-100K,others,2.5,NS,55-59,3,4
50-100K,others,2.5,SM,25-29,31,68
50-100K,others,2.5,SM,30-34,72,150
50-100K,others,2.5,SM,35-39,154,290
50-100K,others,2.5,SM,40-44,155,254
50-100K,others,2.5,SM,45-49,152,213
50-100K,others,2.5,SM,50-54,65,100
50-100K,others,2.5,SM,55-59,34,52
50-100K,others,3.5,NS,25-29,93,218
50-100K,others,3.5,NS,30-34,173,368
50-100K,others,3.5,NS,35-39,205,419
50-100K,others,3.5,NS,40-44,202,385
50-100K,others,3.5,NS,45-49,342,507
50-100K,others,3.5,NS,50-54,337,497
50-100K,others,3.5,NS,55-59,167,220
50-100K,others,3.5,SM,25-29,12,34
50-100K,others,3.5,SM,30-34,42,73
50-100K,others,3.5,SM,35-39,28,37
50-100K,others,3.5,SM,40-44,27,41
50-100K,others,3.5,SM,45-49,58,74
50-100K,others,3.5,SM,50-54,52,62
50-100K,others,3.5,SM,55-59,20,26
50-100K,others,4.5,NS,25-29,8,9
50-100K,others,4.5,NS,30-34,21,29
50-100K,others,4.5,NS,35-39,45,61
50-100K,others,4.5,NS,40-44,36,53
50-100K,others,4.5,NS,45-49,49,65
50-100K,others,4.5,NS,50-54,98,131
50-100K,others,4.5,NS,55-59,298,363
50-100K,others,4.5,SM,25-29,1,1
50-100K,others,4.5,SM,30-34,2,6
50-100K,others,4.5,SM,35-39,3,5
50-100K,others,4.5,SM,40-44,8,15
50-100K,others,4.5,SM,45-49,14,21
50-100K,others,4.5,SM,50-54,23,29
50-100K,others,4.5,SM,55-59,33,41
50-100K,others,5.5,NS,25-29,0,1
50-100K,others,5.5,NS,30-34,4,6
50-100K,others,5.5,NS,35-39,12,16
50-100K,others,5.5,NS,40-44,32,44
50-100K,others,5.5,NS,45-49,153,180
50-100K,others,5.5,NS,50-54,82,101
50-100K,others,5.5,NS,55-59,75,94
50-100K,others,5.5,SM,30-34,3,4
50-100K,others,5.5,SM,35-39,2,3
50-100K,others,5.5,SM,40-44,10,14
50-100K,others,5.5,SM,45-49,25,33
50-100K,others,5.5,SM,50-54,25,27
50-100K,others,5.5,SM,55-59,13,16
50-100K,others,6.5,NS,25-29,4,5
50-100K,others,6.5,NS,30-34,2,4
50-100K,others,6.5,NS,35-39,6,9
50-100K,others,6.5,NS,40-44,12,19
50-100K,others,6.5,NS,45-49,25,28
50-100K,others,6.5,NS,50-54,101,135
50-100K,others,6.5,NS,55-59,170,196
50-100K,others,6.5,SM,30-34,3,3
50-100K,others,6.5,SM,35-39,6,11
50-100K,others,6.5,SM,40-44,16,18
50-100K,others,6.5,SM,45-49,38,44
50-100K,others,6.5,SM,50-54,42,46
50-100K,others,6.5,SM,55-59,19,24
50-100K,others,7.5,NS,25-29,2,2
50-100K,others,7.5,NS,30-34,4,10
50-100K,others,7.5,NS,35-39,8,17
50-100K,others,7.5,NS,40-44,11,18
50-100K,others,7.5,NS,45-49,95,121
50-100K,others,7.5,NS,50-54,89,106
50-100K,others,7.5,NS,55-59,53,61
50-100K,others,7.5,SM,35-39,8,11
50-100K,others,7.5,SM,40-44,4,5
50-100K,others,7.5,SM,45-49,17,22
50-100K,others,7.5,SM,50-54,39,43
50-100K,others,7.5,SM,55-59,21,27
50-100K,others,8.5,NS,25-29,0,3
50-100K,others,8.5,NS,30-34,3,3
50-100K,others,8.5,NS,35-39,4,4
50-100K,others,8.5,NS,40-44,5,7
50-100K,others,8.5,NS,45-49,20,29
50-100K,others,8.5,NS,50-54,83,98
50-100K,others,8.5,NS,55-59,128,145
50-100K,others,8.5,SM,30-34,1,1
50-100K,others,8.5,SM,35-39,1,1
50-100K,others,8.5,SM,40-44,4,5
50-100K,others,8.5,SM,45-49,1,1
50-100K,others,8.5,SM,50-54,7,7
50-100K,others,8.5,SM,55-59,10,12
50-100K,others,9.5,NS,30-34,2,3
50-100K,others,9.5,NS,35-39,6,6
50-100K,others,9.5,NS,40-44,16,19
50-100K,others,9.5,NS,45-49,30,33
50-100K,others,9.5,NS,50-54,17,19
50-100K,others,9.5,NS,55-59,72,79
50-100K,others,9.5,SM,35-39,1,1
50-100K,others,9.5,SM,40-44,1,1
50-100K,others,9.5,SM,45-49,2,2
50-100K,others,9.5,SM,50-54,1,1
50-100K,others,9.5,SM,55-59,25,25
50-100K,others,10.5,NS,30-34,1,4
50-100K,others,10.5,NS,35-39,2,5
50-100K,others,10.5,NS,40-44,7,7
50-100K,others,10.5,NS,45-49,21,26
50-100K,others,10.5,NS,50-54,14,19
50-100K,others,10.5,NS,55-59,23,25
50-100K,others,10.5,SM,45-49,2,2
50-100K,others,10.5,SM,50-54,1,1
50-100K,others,10.5,SM,55-59,1,1
50-100K,others,11.5,NS,30-34,1,1
50-100K,others,11.5,NS,35-39,0,1
50-100K,others,11.5,NS,40-44,1,1
50-100K,others,11.5,NS,45-49,8,8
50-100K,others,11.5,NS,50-54,23,27
50-100K,others,11.5,NS,55-59,30,31
50-100K,others,11.5,SM,50-54,3,3
50-100K,others,11.5,SM,55-59,11,12
50-100K,others,12.5,NS,30-34,0,1
50-100K,others,12.5,NS,35-39,0,1
50-100K,others,12.5,NS,40-44,4,6
50-100K,others,12.5,NS,45-49,12,16
50-100K,others,12.5,NS,50-54,17,19
50-100K,others,12.5,NS,55-59,34,36
50-100K,others,12.5,SM,55-59,3,3
50-100K,others,13.5,NS,35-39,2,3
50-100K,others,13.5,NS,40-44,7,10
50-100K,others,13.5,NS,45-49,11,15
50-100K,others,13.5,NS,50-54,20,22
50-100K,others,13.5,NS,55-59,29,33
50-100K,others,14.5,NS,35-39,4,4
50-100K,others,14.5,NS,40-44,7,7
50-100K,others,14.5,NS,45-49,2,2
50-100K,others,14.5,NS,50-54,2,3
50-100K,others,14.5,NS,55-59,59,62
50-100K,others,14.5,SM,55-59,2,2
50-100K,others,15.5,NS,35-39,3,6
50-100K,others,15.5,NS,40-44,2,3
50-100K,others,15.5,NS,50-54,3,4
50-100K,others,15.5,NS,55-59,38,39
50-100K,others,16.5,NS,55-59,6,7
50-100K,others,16.5,SM,55-59,5,5
50-100K,others,23.5,NS,55-59,1,1
GT1M,monthly,1,NS,25-29,1,1
GT1M,monthly,1,NS,40-44,2,2
GT1M,monthly,1,NS,45-49,1,1
GT1M,monthly,1.5,NS,25-29,18,105
GT1M,monthly,1.5,NS,30-34,46,278
GT1M,monthly,1.5,NS,35-39,28,74
GT1M,monthly,1.5,NS,40-44,32,54
GT1M,monthly,1.5,NS,45-49,26,43
GT1M,monthly,1.5,NS,50-54,17,24
GT1M,monthly,1.5,NS,55-59,9,11
GT1M,monthly,1.5,SM,25-29,1,4
GT1M,monthly,1.5,SM,30-34,3,11
GT1M,monthly,1.5,SM,35-39,1,3
GT1M,monthly,1.5,SM,45-49,2,3
GT1M,monthly,1.5,SM,50-54,0,2
GT1M,monthly,2.5,NS,25-29,12,19
GT1M,monthly,2.5,NS,30-34,54,194
GT1M,monthly,2.5,NS,35-39,130,676
GT1M,monthly,2.5,NS,40-44,141,592
GT1M,monthly,2.5,NS,45-49,120,353
GT1M,monthly,2.5,NS,50-54,90,191
GT1M,monthly,2.5,NS,55-59,41,73
GT1M,monthly,2.5,SM,25-29,0,1
GT1M,monthly,2.5,SM,30-34,3,7
GT1M,monthly,2.5,SM,35-39,20,41
GT1M,monthly,2.5,SM,40-44,13,30
GT1M,monthly,2.5,SM,45-49,7,13
GT1M,monthly,2.5,SM,50-54,1,2
GT1M,monthly,2.5,SM,55-59,2,4
GT1M,monthly,3.5,NS,25-29,13,28
GT1M,monthly,3.5,NS,30-34,36,79
GT1M,monthly,3.5,NS,35-39,24,42
GT1M,monthly,3.5,NS,40-44,9,21
GT1M,monthly,3.5,NS,45-49,6,10
GT1M,monthly,3.5,NS,50-54,6,6
GT1M,monthly,3.5,NS,55-59,8,8
GT1M,monthly,3.5,SM,25-29,1,1
GT1M,monthly,3.5,SM,30-34,2,4
GT1M,monthly,3.5,SM,35-39,2,3
GT1M,monthly,3.5,SM,40-44,1,3
GT1M,monthly,3.5,SM,45-49,3,6
GT1M,monthly,3.5,SM,50-54,2,4
GT1M,monthly,3.5,SM,55-59,1,1
GT1M,monthly,4.5,NS,25-29,7,15
GT1M,monthly,4.5,NS,30-34,12,40
GT1M,monthly,4.5,NS,35-39,75,152
GT1M,monthly,4.5,NS,40-44,107,185
GT1M,monthly,4.5,NS,45-49,15,30
GT1M,monthly,4.5,NS,50-54,7,13
GT1M,monthly,4.5,NS,55-59,3,3
GT1M,monthly,4.5,SM,30-34,3,4
GT1M,monthly,4.5,SM,35-39,5,9
GT1M,monthly,4.5,SM,40-44,1,2
GT1M,monthly,4.5,SM,45-49,1,6
GT1M,monthly,4.5,SM,50-54,1,2
GT1M,monthly,4.5,SM,55-59,1,2
GT1M,monthly,5.5,NS,25-29,7,12
GT1M,monthly,5.5,NS,30-34,16,26
GT1M,monthly,5.5,NS,35-39,16,31
GT1M,monthly,5.5,NS,40-44,18,30
GT1M,monthly,5.5,NS,45-49,79,138
GT1M,monthly,5.5,NS,50-54,58,87
GT1M,monthly,5.5,NS,55-59,8,11
GT1M,monthly,5.5,SM,30-34,1,3
GT1M,monthly,5.5,SM,35-39,6,10
GT1M,monthly,5.5,SM,40-44,4,7
GT1M,monthly,5.5,SM,45-49,4,5
GT1M,monthly,5.5,SM,50-54,2,3
GT1M,monthly,6.5,NS,25-29,2,3
GT1M,monthly,6.5,NS,30-34,27,47
GT1M,monthly,6.5,NS,35-39,32,45
GT1M,monthly,6.5,NS,40-44,45,58
GT1M,monthly,6.5,NS,45-49,34,52
GT1M,monthly,6.5,NS,50-54,25,34
GT1M,monthly,6.5,NS,55-59,55,67
GT1M,monthly,6.5,SM,25-29,2,3
GT1M,monthly,6.5,SM,30-34,2,2
GT1M,monthly,6.5,SM,35-39,5,7
GT1M,monthly,6.5,SM,40-44,5,9
GT1M,monthly,6.5,SM,45-49,5,5
GT1M,monthly,6.5,SM,50-54,1,1
GT1M,monthly,6.5,SM,55-59,0,1
GT1M,monthly,7.5,NS,25-29,7,8
GT1M,monthly,7.5,NS,30-34,28,35
GT1M,monthly,7.5,NS,35-39,19,34
GT1M,monthly,7.5,NS,40-44,23,34
GT1M,monthly,7.5,NS,45-49,25,36
GT1M,monthly,7.5,NS,50-54,24,27
GT1M,monthly,7.5,NS,55-59,19,20
GT1M,monthly,7.5,SM,30-34,1,1
GT1M,monthly,7.5,SM,35-39,3,4
GT1M,monthly,7.5,SM,40-44,2,3
GT1M,monthly,7.5,SM,45-49,5,5
GT1M,monthly,7.5,SM,50-54,3,4
GT1M,monthly,7.5,SM,55-59,1,1
GT1M,monthly,8.5,NS,25-29,1,3
GT1M,monthly,8.5,NS,30-34,11,13
GT1M,monthly,8.5,NS,35-39,30,50
GT1M,monthly,8.5,NS,40-44,36,41
GT1M,monthly,8.5,NS,45-49,30,45
GT1M,monthly,8.5,NS,50-54,19,22
GT1M,monthly,8.5,NS,55-59,3,3
GT1M,monthly,8.5,SM,30-34,1,2
GT1M,monthly,8.5,SM,35-39,3,4
GT1M,monthly,8.5,SM,40-44,3,5
GT1M,monthly,8.5,SM,45-49,4,5
GT1M,monthly,8.5,SM,50-54,1,1
GT1M,monthly,8.5,SM,55-59,1,1
GT1M,monthly,9.5,NS,25-29,8,9
GT1M,monthly,9.5,NS,30-34,19,24
GT1M,monthly,9.5,NS,35-39,19,28
GT1M,monthly,9.5,NS,40-44,56,68
GT1M,monthly,9.5,NS,45-49,45,55
GT1M,monthly,9.5,NS,50-54,22,22
GT1M,monthly,9.5,NS,55-59,20,22
GT1M,monthly,9.5,SM,30-34,0,1
GT1M,monthly,9.5,SM,35-39,1,1
GT1M,monthly,9.5,SM,40-44,4,5
GT1M,monthly,9.5,SM,45-49,2,2
GT1M,monthly,9.5,SM,55-59,2,2
GT1M,monthly,10.5,NS,25-29,3,5
GT1M,monthly,10.5,NS,30-34,6,12
GT1M,monthly,10.5,NS,35-39,11,16
GT1M,monthly,10.5,NS,40-44,10,13
GT1M,monthly,10.5,NS,45-49,27,32
GT1M,monthly,10.5,NS,50-54,24,28
GT1M,monthly,10.5,NS,55-59,3,3
GT1M,monthly,10.5,SM,35-39,2,5
GT1M,monthly,11.5,NS,25-29,2,2
GT1M,monthly,11.5,NS,30-34,8,9
GT1M,monthly,11.5,NS,35-39,22,32
GT1M,monthly,11.5,NS,40-44,31,39
GT1M,monthly,11.5,NS,45-49,44,49
GT1M,monthly,11.5,NS,50-54,22,27
GT1M,monthly,11.5,NS,55-59,11,13
GT1M,monthly,11.5,SM,35-39,1,2
GT1M,monthly,11.5,SM,50-54,0,1
GT1M,monthly,12.5,NS,25-29,3,4
GT1M,monthly,12.5,NS,30-34,9,12
GT1M,monthly,12.5,NS,35-39,11,13
GT1M,monthly,12.5,NS,40-44,25,29
GT1M,monthly,12.5,NS,45-49,20,24
GT1M,monthly,12.5,NS,50-54,20,25
GT1M,monthly,12.5,NS,55-59,16,18
GT1M,monthly,12.5,SM,55-59,1,1
GT1M,monthly,13.5,NS,30-34,7,11
GT1M,monthly,13.5,NS,35-39,5,6
GT1M,monthly,13.5,NS,40-44,5,6
GT1M,monthly,13.5,NS,45-49,5,6
GT1M,monthly,13.5,NS,50-54,8,8
GT1M,monthly,13.5,NS,55-59,2,2
GT1M,monthly,14.5,NS,25-29,2,2
GT1M,monthly,14.5,NS,30-34,6,8
GT1M,monthly,14.5,NS,35-39,11,15
GT1M,monthly,14.5,NS,40-44,14,16
GT1M,monthly,14.5,NS,45-49,21,25
GT1M,monthly,14.5,NS,50-54,13,14
GT1M,monthly,14.5,NS,55-59,9,10
GT1M,monthly,15.5,NS,30-34,5,9
GT1M,monthly,15.5,NS,35-39,20,24
GT1M,monthly,15.5,NS,40-44,16,17
GT1M,monthly,15.5,NS,45-49,16,16
GT1M,monthly,15.5,NS,50-54,7,8
GT1M,monthly,15.5,NS,55-59,15,16
GT1M,monthly,16.5,NS,25-29,1,1
GT1M,monthly,16.5,NS,30-34,4,5
GT1M,monthly,16.5,NS,35-39,6,8
GT1M,monthly,16.5,NS,40-44,9,9
GT1M,monthly,16.5,NS,45-49,2,2
GT1M,monthly,16.5,NS,50-54,3,3
GT1M,monthly,16.5,NS,55-59,5,5
GT1M,monthly,17.5,NS,25-29,0,1
GT1M,monthly,17.5,NS,30-34,2,4
GT1M,monthly,17.5,NS,35-39,4,5
GT1M,monthly,17.5,NS,40-44,7,7
GT1M,monthly,17.5,NS,45-49,5,5
GT1M,monthly,17.5,NS,55-59,5,5
GT1M,monthly,18.5,NS,35-39,8,10
GT1M,monthly,18.5,NS,40-44,6,8
GT1M,monthly,18.5,NS,45-49,7,7
GT1M,monthly,18.5,NS,50-54,2,3
GT1M,monthly,18.5,NS,55-59,8,8
GT1M,monthly,19.5,NS,30-34,1,2
GT1M,monthly,19.5,NS,35-39,5,6
GT1M,monthly,19.5,NS,40-44,8,8
GT1M,monthly,19.5,NS,45-49,9,9
GT1M,monthly,19.5,NS,50-54,8,8
GT1M,monthly,19.5,NS,55-59,7,7
GT1M,monthly,20.5,NS,30-34,3,4
GT1M,monthly,20.5,NS,35-39,5,5
GT1M,monthly,20.5,NS,40-44,17,18
GT1M,monthly,20.5,NS,45-49,16,18
GT1M,monthly,20.5,NS,50-54,18,19
GT1M,monthly,20.5,NS,55-59,11,12
GT1M,monthly,21.5,NS,30-34,2,2
GT1M,monthly,21.5,NS,35-39,4,4
GT1M,monthly,21.5,NS,40-44,1,2
GT1M,monthly,21.5,NS,45-49,1,1
GT1M,monthly,21.5,NS,50-54,5,5
GT1M,monthly,21.5,NS,55-59,5,5
GT1M,monthly,22.5,NS,30-34,1,2
GT1M,monthly,22.5,NS,35-39,1,1
GT1M,monthly,22.5,NS,40-44,1,1
GT1M,monthly,22.5,NS,45-49,3,3
GT1M,monthly,22.5,NS,50-54,1,1
GT1M,monthly,22.5,NS,55-59,2,2
GT1M,monthly,23.5,NS,30-34,3,5
GT1M,monthly,23.5,NS,40-44,1,1
GT1M,monthly,23.5,NS,45-49,5,7
GT1M,monthly,23.5,NS,50-54,3,3
GT1M,monthly,23.5,NS,55-59,2,2
GT1M,monthly,25,NS,30-34,8,9
GT1M,monthly,25,NS,35-39,21,25
GT1M,monthly,25,NS,40-44,31,32
GT1M,monthly,25,NS,45-49,20,22
GT1M,monthly,25,NS,50-54,22,23
GT1M,monthly,25,NS,55-59,10,10
GT1M,others,1,NS,25-29,6,6
GT1M,others,1,NS,30-34,22,22
GT1M,others,1,NS,35-39,26,26
GT1M,others,1,NS,40-44,25,26
GT1M,others,1,NS,45-49,22,23
GT1M,others,1,NS,50-54,8,8
GT1M,others,1,NS,55-59,8,8
GT1M,others,1,SM,30-34,2,3
GT1M,others,1,SM,35-39,1,1
GT1M,others,1,SM,40-44,1,1
GT1M,others,1.5,NS,25-29,34,105
GT1M,others,1.5,NS,30-34,102,291
GT1M,others,1.5,NS,35-39,44,92
GT1M,others,1.5,NS,40-44,25,45
GT1M,others,1.5,NS,45-49,45,58
GT1M,others,1.5,NS,50-54,25,32
GT1M,others,1.5,NS,55-59,9,10
GT1M,others,1.5,SM,25-29,1,1
GT1M,others,1.5,SM,30-34,1,7
GT1M,others,1.5,SM,35-39,1,4
GT1M,others,1.5,SM,40-44,4,4
GT1M,others,1.5,SM,45-49,4,6
GT1M,others,1.5,SM,50-54,1,1
GT1M,others,2.5,NS,25-29,10,22
GT1M,others,2.5,NS,30-34,63,127
GT1M,others,2.5,NS,35-39,281,590
GT1M,others,2.5,NS,40-44,339,648
GT1M,others,2.5,NS,45-49,258,390
GT1M,others,2.5,NS,50-54,146,203
GT1M,others,2.5,NS,55-59,73,100
GT1M,others,2.5,SM,25-29,4,5
GT1M,others,2.5,SM,30-34,3,4
GT1M,others,2.5,SM,35-39,14,20
GT1M,others,2.5,SM,40-44,8,10
GT1M,others,2.5,SM,45-49,7,12
GT1M,others,2.5,SM,50-54,8,8
GT1M,others,2.5,SM,55-59,2,3
GT1M,others,3.5,NS,25-29,20,36
GT1M,others,3.5,NS,30-34,106,184
GT1M,others,3.5,NS,35-39,46,72
GT1M,others,3.5,NS,40-44,57,84
GT1M,others,3.5,NS,45-49,27,44
GT1M,others,3.5,NS,50-54,17,21
GT1M,others,3.5,NS,55-59,13,19
GT1M,others,3.5,SM,25-29,4,6
GT1M,others,3.5,SM,30-34,1,4
GT1M,others,3.5,SM,35-39,9,13
GT1M,others,3.5,SM,40-44,8,8
GT1M,others,3.5,SM,45-49,2,3
GT1M,others,3.5,SM,50-54,5,5
GT1M,others,3.5,SM,55-59,1,1
GT1M,others,4.5,NS,25-29,41,56
GT1M,others,4.5,NS,30-34,85,117
GT1M,others,4.5,NS,35-39,368,476
GT1M,others,4.5,NS,40-44,418,511
GT1M,others,4.5,NS,45-49,89,120
GT1M,others,4.5,NS,50-54,36,49
GT1M,others,4.5,NS,55-59,20,23
GT1M,others,4.5,SM,25-29,3,7
GT1M,others,4.5,SM,30-34,9,12
GT1M,others,4.5,SM,35-39,8,13
GT1M,others,4.5,SM,40-44,10,11
GT1M,others,4.5,SM,45-49,9,9
GT1M,others,4.5,SM,50-54,5,5
GT1M,others,4.5,SM,55-59,1,1
GT1M,others,5.5,NS,25-29,44,53
GT1M,others,5.5,NS,30-34,73,89
GT1M,others,5.5,NS,35-39,97,133
GT1M,others,5.5,NS,40-44,115,150
GT1M,others,5.5,NS,45-49,429,512
GT1M,others,5.5,NS,50-54,294,340
GT1M,others,5.5,NS,55-59,43,52
GT1M,others,5.5,SM,25-29,2,4
GT1M,others,5.5,SM,30-34,14,24
GT1M,others,5.5,SM,35-39,22,26
GT1M,others,5.5,SM,40-44,39,44
GT1M,others,5.5,SM,45-49,27,28
GT1M,others,5.5,SM,50-54,19,19
GT1M,others,5.5,SM,55-59,3,4
GT1M,others,6.5,NS,25-29,43,53
GT1M,others,6.5,NS,30-34,165,205
GT1M,others,6.5,NS,35-39,152,179
GT1M,others,6.5,NS,40-44,215,248
GT1M,others,6.5,NS,45-49,220,257
GT1M,others,6.5,NS,50-54,150,164
GT1M,others,6.5,NS,55-59,288,309
GT1M,others,6.5,SM,30-34,20,29
GT1M,others,6.5,SM,35-39,45,57
GT1M,others,6.5,SM,40-44,37,42
GT1M,others,6.5,SM,45-49,43,49
GT1M,others,6.5,SM,50-54,18,21
GT1M,others,6.5,SM,55-59,7,7
GT1M,others,7.5,NS,25-29,18,25
GT1M,others,7.5,NS,30-34,201,244
GT1M,others,7.5,NS,35-39,282,327
GT1M,others,7.5,NS,40-44,503,559
GT1M,others,7.5,NS,45-49,398,440
GT1M,others,7.5,NS,50-54,292,320
GT1M,others,7.5,NS,55-59,234,253
GT1M,others,7.5,SM,25-29,1,3
GT1M,others,7.5,SM,30-34,16,20
GT1M,others,7.5,SM,35-39,22,26
GT1M,others,7.5,SM,40-44,20,21
GT1M,others,7.5,SM,45-49,15,17
GT1M,others,7.5,SM,50-54,15,17
GT1M,others,7.5,SM,55-59,6,9
GT1M,others,8.5,NS,25-29,37,46
GT1M,others,8.5,NS,30-34,144,166
GT1M,others,8.5,NS,35-39,459,523
GT1M,others,8.5,NS,40-44,338,381
GT1M,others,8.5,NS,45-49,421,461
GT1M,others,8.5,NS,50-54,346,361
GT1M,others,8.5,NS,55-59,124,133
GT1M,others,8.5,SM,25-29,0,1
GT1M,others,8.5,SM,30-34,6,7
GT1M,others,8.5,SM,35-39,23,25
GT1M,others,8.5,SM,40-44,20,21
GT1M,others,8.5,SM,45-49,17,19
GT1M,others,8.5,SM,50-54,2,3
GT1M,others,8.5,SM,55-59,5,5
GT1M,others,9.5,NS,25-29,20,25
GT1M,others,9.5,NS,30-34,165,189
GT1M,others,9.5,NS,35-39,163,193
GT1M,others,9.5,NS,40-44,431,476
GT1M,others,9.5,NS,45-49,533,572
GT1M,others,9.5,NS,50-54,380,400
GT1M,others,9.5,NS,55-59,258,268
GT1M,others,9.5,SM,30-34,10,13
GT1M,others,9.5,SM,35-39,15,19
GT1M,others,9.5,SM,40-44,36,40
GT1M,others,9.5,SM,45-49,19,20
GT1M,others,9.5,SM,50-54,2,2
GT1M,others,9.5,SM,55-59,8,8
GT1M,others,10.5,NS,25-29,10,13
GT1M,others,10.5,NS,30-34,65,74
GT1M,others,10.5,NS,35-39,313,345
GT1M,others,10.5,NS,40-44,396,425
GT1M,others,10.5,NS,45-49,374,393
GT1M,others,10.5,NS,50-54,315,333
GT1M,others,10.5,NS,55-59,127,135
GT1M,others,10.5,SM,30-34,7,7
GT1M,others,10.5,SM,35-39,23,27
GT1M,others,10.5,SM,40-44,14,16
GT1M,others,10.5,SM,45-49,6,6
GT1M,others,10.5,SM,50-54,18,21
GT1M,others,10.5,SM,55-59,7,7
GT1M,others,11.5,NS,25-29,41,43
GT1M,others,11.5,NS,30-34,112,122
GT1M,others,11.5,NS,35-39,188,209
GT1M,others,11.5,NS,40-44,172,191
GT1M,others,11.5,NS,45-49,181,207
GT1M,others,11.5,NS,50-54,285,295
GT1M,others,11.5,NS,55-59,105,111
GT1M,others,11.5,SM,30-34,2,2
GT1M,others,11.5,SM,35-39,7,8
GT1M,others,11.5,SM,40-44,1,1
GT1M,others,11.5,SM,45-49,2,2
GT1M,others,11.5,SM,50-54,2,2
GT1M,others,11.5,SM,55-59,1,2
GT1M,others,12.5,NS,25-29,46,50
GT1M,others,12.5,NS,30-34,65,73
GT1M,others,12.5,NS,35-39,140,163
GT1M,others,12.5,NS,40-44,159,173
GT1M,others,12.5,NS,45-49,194,205
GT1M,others,12.5,NS,50-54,159,174
GT1M,others,12.5,NS,55-59,129,133
GT1M,others,12.5,SM,35-39,4,4
GT1M,others,12.5,SM,40-44,2,2
GT1M,others,12.5,SM,45-49,1,1
GT1M,others,12.5,SM,50-54,3,3
GT1M,others,12.5,SM,55-59,3,3
GT1M,others,13.5,NS,25-29,5,7
GT1M,others,13.5,NS,30-34,110,125
GT1M,others,13.5,NS,35-39,137,146
GT1M,others,13.5,NS,40-44,147,154
GT1M,others,13.5,NS,45-49,109,113
GT1M,others,13.5,NS,50-54,71,76
GT1M,others,13.5,NS,55-59,42,43
GT1M,others,13.5,SM,35-39,5,5
GT1M,others,13.5,SM,50-54,2,2
GT1M,others,13.5,SM,55-59,1,1
GT1M,others,14.5,NS,25-29,13,15
GT1M,others,14.5,NS,30-34,93,109
GT1M,others,14.5,NS,35-39,101,111
GT1M,others,14.5,NS,40-44,123,138
GT1M,others,14.5,NS,45-49,184,208
GT1M,others,14.5,NS,50-54,129,134
GT1M,others,14.5,NS,55-59,53,57
GT1M,others,14.5,SM,55-59,2,2
GT1M,others,15.5,NS,25-29,26,29
GT1M,others,15.5,NS,30-34,29,35
GT1M,others,15.5,NS,35-39,154,179
GT1M,others,15.5,NS,40-44,127,144
GT1M,others,15.5,NS,45-49,89,101
GT1M,others,15.5,NS,50-54,109,115
GT1M,others,15.5,NS,55-59,103,115
GT1M,others,16.5,NS,25-29,4,6
GT1M,others,16.5,NS,30-34,58,62
GT1M,others,16.5,NS,35-39,53,58
GT1M,others,16.5,NS,40-44,57,67
GT1M,others,16.5,NS,45-49,38,40
GT1M,others,16.5,NS,50-54,36,36
GT1M,others,16.5,NS,55-59,40,40
GT1M,others,17.5,NS,25-29,15,17
GT1M,others,17.5,NS,30-34,78,85
GT1M,others,17.5,NS,35-39,60,64
GT1M,others,17.5,NS,40-44,24,25
GT1M,others,17.5,NS,45-49,41,43
GT1M,others,17.5,NS,50-54,14,16
GT1M,others,17.5,NS,55-59,47,51
GT1M,others,18.5,NS,30-34,30,36
GT1M,others,18.5,NS,35-39,109,122
GT1M,others,18.5,NS,40-44,74,80
GT1M,others,18.5,NS,45-49,100,103
GT1M,others,18.5,NS,50-54,45,46
GT1M,others,18.5,NS,55-59,75,83
GT1M,others,19.5,NS,25-29,4,4
GT1M,others,19.5,NS,30-34,37,42
GT1M,others,19.5,NS,35-39,79,90
GT1M,others,19.5,NS,40-44,106,111
GT1M,others,19.5,NS,45-49,31,31
GT1M,others,19.5,NS,50-54,79,81
GT1M,others,19.5,NS,55-59,32,33
GT1M,others,20.5,NS,30-34,33,35
GT1M,others,20.5,NS,35-39,46,53
GT1M,others,20.5,NS,40-44,75,83
GT1M,others,20.5,NS,45-49,75,80
GT1M,others,20.5,NS,50-54,69,71
GT1M,others,20.5,NS,55-59,36,37
GT1M,others,21.5,NS,30-34,30,35
GT1M,others,21.5,NS,35-39,22,23
GT1M,others,21.5,NS,40-44,13,14
GT1M,others,21.5,NS,45-49,10,10
GT1M,others,21.5,NS,50-54,28,28
GT1M,others,21.5,NS,55-59,34,40
GT1M,others,22.5,NS,30-34,9,9
GT1M,others,22.5,NS,35-39,26,28
GT1M,others,22.5,NS,40-44,3,3
GT1M,others,22.5,NS,45-49,18,18
GT1M,others,22.5,NS,50-54,12,12
GT1M,others,22.5,NS,55-59,37,43
GT1M,others,23.5,NS,30-34,44,49
GT1M,others,23.5,NS,35-39,8,10
GT1M,others,23.5,NS,40-44,6,7
GT1M,others,23.5,NS,45-49,111,118
GT1M,others,23.5,NS,50-54,38,39
GT1M,others,23.5,NS,55-59,28,29
GT1M,others,25,NS,30-34,45,48
GT1M,others,25,NS,35-39,280,306
GT1M,others,25,NS,40-44,266,289
GT1M,others,25,NS,45-49,185,196
GT1M,others,25,NS,50-54,176,183
GT1M,others,25,NS,55-59,95,98
LT50K,monthly,1,NS,25-29,0,3
LT50K,monthly,1,NS,30-34,0,3
LT50K,monthly,1,NS,35-39,0,9
LT50K,monthly,1,NS,40-44,1,5
LT50K,monthly,1,NS,45-49,2,5
LT50K,monthly,1,NS,50-54,1,1
LT50K,monthly,1,NS,55-59,0,4
LT50K,monthly,1,SM,25-29,0,1
LT50K,monthly,1,SM,30-34,0,4
LT50K,monthly,1,SM,40-44,0,2
LT50K,monthly,1,SM,45-49,0,2
LT50K,monthly,1.5,NS,25-29,0,4
LT50K,monthly,1.5,NS,40-44,0,3
LT50K,monthly,1.5,NS,45-49,0,1
LT50K,monthly,1.5,SM,25-29,0,2
LT50K,monthly,2.5,NS,25-29,1,3
LT50K,monthly,2.5,NS,30-34,0,1
LT50K,monthly,2.5,NS,35-39,0,1
LT50K,monthly,2.5,NS,40-44,0,1
LT50K,monthly,2.5,NS,45-49,0,2
LT50K,monthly,2.5,NS,50-54,1,2
LT50K,monthly,2.5,SM,25-29,1,2
LT50K,monthly,2.5,SM,35-39,0,1
LT50K,monthly,2.5,SM,40-44,0,1
LT50K,monthly,2.5,SM,45-49,0,1
LT50K,monthly,2.5,SM,50-54,0,3
LT50K,monthly,2.5,SM,55-59,0,2
LT50K,monthly,3.5,NS,25-29,2,2
LT50K,monthly,3.5,NS,30-34,1,1
LT50K,monthly,3.5,NS,35-39,1,5
LT50K,monthly,3.5,NS,40-44,0,5
LT50K,monthly,3.5,NS,50-54,5,6
LT50K,monthly,3.5,NS,55-59,1,4
LT50K,monthly,3.5,SM,25-29,2,2
LT50K,monthly,3.5,SM,35-39,0,1
LT50K,monthly,3.5,SM,40-44,0,4
LT50K,monthly,3.5,SM,45-49,1,4
LT50K,monthly,3.5,SM,50-54,1,7
LT50K,monthly,3.5,SM,55-59,0,8
LT50K,monthly,4.5,NS,25-29,0,1
LT50K,monthly,4.5,NS,30-34,3,3
LT50K,monthly,4.5,NS,35-39,8,8
LT50K,monthly,4.5,NS,40-44,7,7
LT50K,monthly,4.5,NS,45-49,20,25
LT50K,monthly,4.5,NS,50-54,18,30
LT50K,monthly,4.5,NS,55-59,6,23
LT50K,monthly,4.5,SM,30-34,5,5
LT50K,monthly,4.5,SM,35-39,1,1
LT50K,monthly,4.5,SM,40-44,4,5
LT50K,monthly,4.5,SM,50-54,0,1
LT50K,monthly,4.5,SM,55-59,2,3
LT50K,monthly,5.5,NS,45-49,1,3
LT50K,monthly,5.5,NS,50-54,2,5
LT50K,monthly,5.5,NS,55-59,7,18
LT50K,monthly,5.5,SM,35-39,1,1
LT50K,monthly,5.5,SM,40-44,3,4
LT50K,monthly,5.5,SM,45-49,5,5
LT50K,monthly,5.5,SM,50-54,5,5
LT50K,monthly,6.5,NS,50-54,1,2
LT50K,monthly,6.5,NS,55-59,2,5
LT50K,monthly,6.5,SM,50-54,1,2
LT50K,monthly,6.5,SM,55-59,1,1
LT50K,monthly,7.5,NS,45-49,0,1
LT50K,monthly,8.5,NS,40-44,0,1
LT50K,monthly,8.5,NS,50-54,2,5
LT50K,monthly,8.5,NS,55-59,1,4
LT50K,others,1,NS,25-29,0,2
LT50K,others,1,NS,35-39,0,2
LT50K,others,1,NS,40-44,0,2
LT50K,others,1,NS,45-49,0,1
LT50K,others,1,NS,50-54,0,1
LT50K,others,1,SM,30-34,0,1
LT50K,others,1.5,NS,25-29,1,2
LT50K,others,1.5,NS,30-34,3,6
LT50K,others,1.5,NS,35-39,3,6
LT50K,others,1.5,NS,40-44,1,4
LT50K,others,1.5,NS,45-49,0,3
LT50K,others,1.5,NS,55-59,1,1
LT50K,others,1.5,SM,40-44,1,1
LT50K,others,2.5,NS,25-29,1,5
LT50K,others,2.5,NS,30-34,0,1
LT50K,others,2.5,NS,35-39,0,1
LT50K,others,2.5,NS,45-49,0,2
LT50K,others,2.5,NS,50-54,0,4
LT50K,others,2.5,NS,55-59,1,1
LT50K,others,2.5,SM,25-29,1,3
LT50K,others,2.5,SM,30-34,0,1
LT50K,others,2.5,SM,35-39,1,3
LT50K,others,2.5,SM,40-44,2,3
LT50K,others,2.5,SM,45-49,2,4
LT50K,others,2.5,SM,50-54,0,2
LT50K,others,2.5,SM,55-59,0,2
LT50K,others,3.5,NS,25-29,1,1
LT50K,others,3.5,NS,30-34,2,2
LT50K,others,3.5,NS,35-39,1,3
LT50K,others,3.5,NS,40-44,1,2
LT50K,others,3.5,NS,45-49,2,2
LT50K,others,3.5,NS,55-59,1,3
LT50K,others,3.5,SM,25-29,1,2
LT50K,others,3.5,SM,30-34,1,1
LT50K,others,3.5,SM,40-44,0,2
LT50K,others,3.5,SM,45-49,0,1
LT50K,others,3.5,SM,50-54,3,6
LT50K,others,3.5,SM,55-59,0,1
LT50K,others,4.5,NS,25-29,3,3
LT50K,others,4.5,NS,30-34,0,1
LT50K,others,4.5,NS,35-39,1,1
LT50K,others,4.5,NS,40-44,1,1
LT50K,others,4.5,NS,45-49,8,9
LT50K,others,4.5,NS,50-54,7,9
LT50K,others,4.5,NS,55-59,2,6
LT50K,others,4.5,SM,40-44,1,2
LT50K,others,4.5,SM,45-49,0,1
LT50K,others,4.5,SM,50-54,2,3
LT50K,others,4.5,SM,55-59,4,7
LT50K,others,5.5,NS,30-34,0,1
LT50K,others,5.5,NS,40-44,1,3
LT50K,others,5.5,NS,45-49,6,6
LT50K,others,5.5,NS,50-54,5,8
LT50K,others,5.5,NS,55-59,8,11
LT50K,others,5.5,SM,50-54,2,2
LT50K,others,5.5,SM,55-59,3,3
LT50K,others,6.5,NS,35-39,1,3
LT50K,others,6.5,NS,40-44,0,1
LT50K,others,6.5,NS,50-54,19,29
LT50K,others,6.5,NS,55-59,29,51
LT50K,others,6.5,SM,50-54,3,3
LT50K,others,6.5,SM,55-59,3,4
LT50K,others,7.5,NS,30-34,0,1
LT50K,others,7.5,NS,35-39,1,1
LT50K,others,7.5,NS,45-49,2,2
LT50K,others,7.5,NS,50-54,10,15
LT50K,others,7.5,NS,55-59,3,3
LT50K,others,7.5,SM,35-39,1,1
LT50K,others,7.5,SM,50-54,5,5
LT50K,others,7.5,SM,55-59,3,4
LT50K,others,8.5,NS,35-39,1,1
LT50K,others,8.5,NS,40-44,0,3
LT50K,others,8.5,NS,45-49,4,4
LT50K,others,8.5,NS,50-54,6,8
LT50K,others,8.5,NS,55-59,18,27
LT50K,others,8.5,SM,40-44,1,1
LT50K,others,8.5,SM,45-49,1,1
LT50K,others,9.5,NS,45-49,1,1
LT50K,others,9.5,NS,50-54,1,1
LT50K,others,9.5,NS,55-59,9,11
LT50K,others,20.5,NS,45-49,0,1
